LocationID,StateAbbr,LocationName,diabetes_prevalence,food_insecurity
59,US,,12.0,14.7
1001,AL,Autauga,13.3,16.5
1003,AL,Baldwin,13.4,13.2
1005,AL,Barbour,19.6,30.5
1007,AL,Bibb,16.2,23.5
1009,AL,Blount,13.8,16.7
1011,AL,Bullock,24.6,42.9
1013,AL,Butler,18.9,26.7
1015,AL,Calhoun,14.8,20.5
1017,AL,Chambers,17.9,24.6
1019,AL,Cherokee,16.0,16.9
1021,AL,Chilton,14.1,18.7
1023,AL,Choctaw,20.1,25.4
1025,AL,Clarke,18.4,25.8
1027,AL,Clay,16.5,20.2
1029,AL,Cleburne,14.6,17.0
1031,AL,Coffee,14.8,19.6
1033,AL,Colbert,15.0,17.6
1035,AL,Conecuh,22.1,30.2
1037,AL,Coosa,18.6,21.2
1039,AL,Covington,16.3,19.0
1041,AL,Crenshaw,16.6,21.8
1043,AL,Cullman,13.4,15.7
1045,AL,Dale,15.8,21.3
1047,AL,Dallas,22.4,34.0
1049,AL,DeKalb,15.7,22.6
1051,AL,Elmore,13.0,17.3
1053,AL,Escambia,18.5,28.6
1055,AL,Etowah,16.3,19.7
1057,AL,Fayette,16.6,20.0
1059,AL,Franklin,16.4,23.8
1061,AL,Geneva,16.4,20.9
1063,AL,Greene,27.1,41.3
1065,AL,Hale,19.7,30.1
1067,AL,Henry,16.7,19.8
1069,AL,Houston,15.7,20.4
1071,AL,Jackson,16.0,19.6
1073,AL,Jefferson,15.1,20.1
1075,AL,Lamar,16.7,19.8
1077,AL,Lauderdale,12.9,15.1
1079,AL,Lawrence,15.5,19.7
1081,AL,Lee,12.5,17.1
1083,AL,Limestone,12.5,15.1
1085,AL,Lowndes,24.1,38.3
1087,AL,Macon,20.0,31.3
1089,AL,Madison,12.1,13.3
1091,AL,Marengo,19.8,27.3
1093,AL,Marion,15.5,19.0
1095,AL,Marshall,14.5,18.3
1097,AL,Mobile,16.1,21.5
1099,AL,Monroe,19.7,27.7
1101,AL,Montgomery,16.4,24.8
1103,AL,Morgan,14.7,17.9
1105,AL,Perry,24.6,39.4
1107,AL,Pickens,18.0,26.7
1109,AL,Pike,14.1,23.7
1111,AL,Randolph,16.1,19.2
1113,AL,Russell,17.3,27.4
1115,AL,St. Clair,13.0,15.4
1117,AL,Shelby,11.2,11.1
1119,AL,Sumter,19.7,32.0
1121,AL,Talladega,17.2,22.5
1123,AL,Tallapoosa,16.8,19.2
1125,AL,Tuscaloosa,12.0,19.5
1127,AL,Walker,15.1,19.0
1129,AL,Washington,17.0,21.0
1131,AL,Wilcox,23.8,37.8
1133,AL,Winston,16.5,19.9
2013,AK,Aleutians East,12.8,21.6
2016,AK,Aleutians West,10.8,17.2
2020,AK,Anchorage,8.9,12.8
2050,AK,Bethel,13.8,37.6
2060,AK,Bristol Bay,11.3,13.9
2063,AK,Chugach,9.6,11.6
2066,AK,Copper River,11.4,14.1
2068,AK,Denali,8.6,12.1
2070,AK,Dillingham,13.0,27.5
2090,AK,Fairbanks North Star,7.9,11.3
2100,AK,Haines,10.8,10.4
2105,AK,Hoonah-Angoon,14.8,17.8
2110,AK,Juneau,8.9,11.5
2122,AK,Kenai Peninsula,9.8,12.6
2130,AK,Ketchikan Gateway,10.1,13.0
2150,AK,Kodiak Island,9.8,14.7
2158,AK,Kusilvak,16.5,46.6
2164,AK,Lake and Peninsula,14.6,25.8
2170,AK,Matanuska-Susitna,9.0,13.0
2180,AK,Nome,13.0,32.3
2185,AK,North Slope,10.8,18.5
2188,AK,Northwest Arctic,14.1,32.5
2195,AK,Petersburg,10.5,12.0
2198,AK,Prince of Wales-Hyder,14.0,20.5
2220,AK,Sitka,9.9,11.7
2230,AK,Skagway,9.1,11.5
2240,AK,Southeast Fairbanks,10.2,15.2
2275,AK,Wrangell,12.9,14.0
2282,AK,Yakutat,13.7,18.6
2290,AK,Yukon-Koyukuk,16.5,29.6
4001,AZ,Apache,17.5,33.8
4003,AZ,Cochise,13.7,16.7
4005,AZ,Coconino,9.3,16.2
4007,AZ,Gila,15.0,17.5
4009,AZ,Graham,11.4,20.9
4011,AZ,Greenlee,10.6,16.3
4012,AZ,La Paz,17.5,18.3
4013,AZ,Maricopa,10.6,15.2
4015,AZ,Mohave,14.2,15.8
4017,AZ,Navajo,15.1,24.5
4019,AZ,Pima,11.0,14.5
4021,AZ,Pinal,12.9,17.1
4023,AZ,Santa Cruz,15.5,25.9
4025,AZ,Yavapai,12.1,11.5
4027,AZ,Yuma,14.5,24.4
5001,AR,Arkansas,15.2,20.6
5003,AR,Ashley,18.3,24.8
5005,AR,Baxter,15.0,15.2
5007,AR,Benton,10.3,13.1
5009,AR,Boone,13.1,15.0
5011,AR,Bradley,17.6,26.3
5013,AR,Calhoun,14.6,17.0
5015,AR,Carroll,15.0,18.0
5017,AR,Chicot,20.5,30.3
5019,AR,Clark,12.9,20.3
5021,AR,Clay,14.1,17.5
5023,AR,Cleburne,15.1,15.7
5025,AR,Cleveland,15.0,17.5
5027,AR,Columbia,14.4,23.6
5029,AR,Conway,15.6,20.5
5031,AR,Craighead,11.6,18.4
5033,AR,Crawford,13.0,17.9
5035,AR,Crittenden,16.5,28.9
5037,AR,Cross,16.1,23.8
5039,AR,Dallas,17.1,20.9
5041,AR,Desha,21.2,34.7
5043,AR,Drew,15.2,23.5
5045,AR,Faulkner,10.8,15.0
5047,AR,Franklin,14.6,18.6
5049,AR,Fulton,17.1,20.0
5051,AR,Garland,14.8,16.3
5053,AR,Grant,12.0,13.7
5055,AR,Greene,12.5,18.0
5057,AR,Hempstead,16.6,24.4
5059,AR,Hot Spring,13.9,19.0
5061,AR,Howard,15.2,21.0
5063,AR,Independence,13.4,18.2
5065,AR,Izard,15.9,19.6
5067,AR,Jackson,15.4,25.8
5069,AR,Jefferson,17.6,27.2
5071,AR,Johnson,14.6,21.0
5073,AR,Lafayette,20.6,29.0
5075,AR,Lawrence,14.4,19.6
5077,AR,Lee,19.7,33.6
5079,AR,Lincoln,13.8,24.6
5081,AR,Little River,15.7,20.6
5083,AR,Logan,14.4,17.3
5085,AR,Lonoke,11.3,15.3
5087,AR,Madison,13.9,19.0
5089,AR,Marion,16.4,16.6
5091,AR,Miller,15.3,23.8
5093,AR,Mississippi,15.2,25.3
5095,AR,Monroe,19.1,25.4
5097,AR,Montgomery,16.4,17.3
5099,AR,Nevada,18.3,25.9
5101,AR,Newton,15.3,15.7
5103,AR,Ouachita,17.7,24.1
5105,AR,Perry,14.1,16.4
5107,AR,Phillips,21.7,33.9
5109,AR,Pike,14.4,18.0
5111,AR,Poinsett,14.6,21.6
5113,AR,Polk,15.5,18.4
5115,AR,Pope,12.7,18.4
5117,AR,Prairie,15.1,17.4
5119,AR,Pulaski,12.9,18.5
5121,AR,Randolph,14.7,20.0
5123,AR,St. Francis,18.9,32.3
5125,AR,Saline,11.3,13.7
5127,AR,Scott,14.8,18.6
5129,AR,Searcy,17.6,20.3
5131,AR,Sebastian,13.1,18.4
5133,AR,Sevier,15.2,27.0
5135,AR,Sharp,16.2,18.5
5137,AR,Stone,17.0,19.2
5139,AR,Union,16.0,22.3
5141,AR,Van Buren,16.2,18.5
5143,AR,Washington,10.1,17.0
5145,AR,White,12.6,18.6
5147,AR,Woodruff,18.3,24.5
5149,AR,Yell,14.7,20.2
6001,CA,Alameda,11.0,13.9
6003,CA,Alpine,11.6,10.9
6005,CA,Amador,11.8,11.9
6007,CA,Butte,10.7,16.1
6009,CA,Calaveras,13.2,13.1
6011,CA,Colusa,13.4,24.2
6013,CA,Contra Costa,11.3,13.2
6015,CA,Del Norte,12.5,17.7
6017,CA,El Dorado,10.8,10.3
6019,CA,Fresno,12.7,24.9
6021,CA,Glenn,12.6,20.8
6023,CA,Humboldt,11.4,16.5
6025,CA,Imperial,15.0,30.9
6027,CA,Inyo,12.4,13.5
6029,CA,Kern,13.3,26.8
6031,CA,Kings,12.1,26.9
6033,CA,Lake,14.1,18.2
6035,CA,Lassen,11.5,19.4
6037,CA,Los Angeles,12.6,20.7
6039,CA,Madera,13.5,28.0
6041,CA,Marin,10.2,8.8
6043,CA,Mariposa,13.5,13.0
6045,CA,Mendocino,13.7,17.9
6047,CA,Merced,13.0,28.7
6049,CA,Modoc,14.9,16.3
6051,CA,Mono,10.5,13.2
6053,CA,Monterey,12.5,21.9
6055,CA,Napa,11.4,13.9
6057,CA,Nevada,11.5,10.2
6059,CA,Orange,11.5,15.0
6061,CA,Placer,9.8,10.0
6063,CA,Plumas,13.5,12.1
6065,CA,Riverside,12.4,20.4
6067,CA,Sacramento,11.2,16.3
6069,CA,San Benito,11.3,18.9
6071,CA,San Bernardino,12.1,23.1
6073,CA,San Diego,10.0,15.0
6075,CA,San Francisco,10.2,12.1
6077,CA,San Joaquin,12.3,21.1
6079,CA,San Luis Obispo,10.0,12.6
6081,CA,San Mateo,10.6,11.5
6083,CA,Santa Barbara,10.8,17.7
6085,CA,Santa Clara,10.5,11.6
6087,CA,Santa Cruz,10.2,13.5
6089,CA,Shasta,11.7,14.0
6091,CA,Sierra,15.3,15.1
6093,CA,Siskiyou,13.9,15.2
6095,CA,Solano,12.1,16.5
6097,CA,Sonoma,10.7,12.5
6099,CA,Stanislaus,11.9,21.1
6101,CA,Sutter,12.8,20.7
6103,CA,Tehama,13.0,18.8
6105,CA,Trinity,15.9,16.8
6107,CA,Tulare,13.1,27.4
6109,CA,Tuolumne,12.1,12.3
6111,CA,Ventura,11.4,15.3
6113,CA,Yolo,9.3,16.3
6115,CA,Yuba,11.3,20.2
8001,CO,Adams,9.7,14.8
8003,CO,Alamosa,11.3,14.8
8005,CO,Arapahoe,8.5,14.8
8007,CO,Archuleta,11.7,14.8
8009,CO,Baca,13.4,14.8
8011,CO,Bent,14.7,14.8
8013,CO,Boulder,7.1,14.8
8014,CO,Broomfield,7.1,14.8
8015,CO,Chaffee,10.2,14.8
8017,CO,Cheyenne,11.3,14.8
8019,CO,Clear Creek,9.0,14.8
8021,CO,Conejos,13.8,14.8
8023,CO,Costilla,17.0,14.8
8025,CO,Crowley,11.0,14.8
8027,CO,Custer,12.4,14.8
8029,CO,Delta,12.4,14.8
8031,CO,Denver,7.1,14.8
8033,CO,Dolores,11.5,14.8
8035,CO,Douglas,6.8,14.8
8037,CO,Eagle,8.5,14.8
8039,CO,Elbert,8.9,14.8
8041,CO,El Paso,8.7,14.8
8043,CO,Fremont,11.4,14.8
8045,CO,Garfield,8.9,14.8
8047,CO,Gilpin,9.6,14.8
8049,CO,Grand,9.1,14.8
8051,CO,Gunnison,7.1,14.8
8053,CO,Hinsdale,10.0,14.8
8055,CO,Huerfano,13.9,14.8
8057,CO,Jackson,13.9,14.8
8059,CO,Jefferson,8.3,14.8
8061,CO,Kiowa,11.8,14.8
8063,CO,Kit Carson,11.4,14.8
8065,CO,Lake,8.4,14.8
8067,CO,La Plata,9.3,14.8
8069,CO,Larimer,7.3,14.8
8071,CO,Las Animas,13.7,14.8
8073,CO,Lincoln,10.8,14.8
8075,CO,Logan,11.2,14.8
8077,CO,Mesa,9.8,14.8
8079,CO,Mineral,10.5,14.8
8081,CO,Moffat,10.8,14.8
8083,CO,Montezuma,11.8,14.8
8085,CO,Montrose,11.5,14.8
8087,CO,Morgan,10.9,14.8
8089,CO,Otero,14.5,14.8
8091,CO,Ouray,10.0,14.8
8093,CO,Park,10.2,14.8
8095,CO,Phillips,11.9,14.8
8097,CO,Pitkin,8.4,14.8
8099,CO,Prowers,12.6,14.8
8101,CO,Pueblo,12.3,14.8
8103,CO,Rio Blanco,9.6,14.8
8105,CO,Rio Grande,12.2,14.8
8107,CO,Routt,8.3,14.8
8109,CO,Saguache,15.1,14.8
8111,CO,San Juan,10.2,14.8
8113,CO,San Miguel,8.7,14.8
8115,CO,Sedgwick,13.0,14.8
8117,CO,Summit,7.9,14.8
8119,CO,Teller,10.2,14.8
8121,CO,Washington,10.5,14.8
8123,CO,Weld,9.5,14.8
8125,CO,Yuma,10.9,14.8
9110,CT,Capitol,11.0,16.6
9120,CT,Greater Bridgeport,10.3,20.0
9130,CT,Lower Connecticut River Valley,9.4,9.3
9140,CT,Naugatuck Valley,10.6,15.2
9150,CT,Northeastern Connecticut,10.3,12.2
9160,CT,Northwest Hills,10.0,10.4
9170,CT,South Central Connecticut,10.4,15.7
9180,CT,Southeastern Connecticut,10.0,14.2
9190,CT,Western Connecticut,8.5,12.0
10001,DE,Kent,14.3,15.9
10003,DE,New Castle,12.2,14.0
10005,DE,Sussex,14.2,12.4
11001,DC,District of Columbia,7.8,13.9
12001,FL,Alachua,10.5,14.8
12003,FL,Baker,12.3,14.8
12005,FL,Bay,11.9,14.8
12007,FL,Bradford,14.4,14.8
12009,FL,Brevard,13.1,14.8
12011,FL,Broward,13.5,14.8
12013,FL,Calhoun,15.2,14.8
12015,FL,Charlotte,15.6,14.8
12017,FL,Citrus,15.8,14.8
12019,FL,Clay,12.2,14.8
12021,FL,Collier,13.7,14.8
12023,FL,Columbia,15.1,14.8
12027,FL,DeSoto,17.6,14.8
12029,FL,Dixie,16.1,14.8
12031,FL,Duval,12.8,14.8
12033,FL,Escambia,12.8,14.8
12035,FL,Flagler,13.7,14.8
12037,FL,Franklin,15.3,14.8
12039,FL,Gadsden,19.2,14.8
12041,FL,Gilchrist,12.8,14.8
12043,FL,Glades,17.7,14.8
12045,FL,Gulf,14.1,14.8
12047,FL,Hamilton,17.6,14.8
12049,FL,Hardee,15.6,14.8
12051,FL,Hendry,16.8,14.8
12053,FL,Hernando,14.9,14.8
12055,FL,Highlands,18.3,14.8
12057,FL,Hillsborough,12.5,14.8
12059,FL,Holmes,14.5,14.8
12061,FL,Indian River,14.3,14.8
12063,FL,Jackson,15.6,14.8
12065,FL,Jefferson,16.3,14.8
12067,FL,Lafayette,14.6,14.8
12069,FL,Lake,14.5,14.8
12071,FL,Lee,14.5,14.8
12073,FL,Leon,10.6,14.8
12075,FL,Levy,16.1,14.8
12077,FL,Liberty,14.3,14.8
12079,FL,Madison,16.8,14.8
12081,FL,Manatee,14.0,14.8
12083,FL,Marion,14.9,14.8
12085,FL,Martin,13.6,14.8
12086,FL,Miami-Dade,15.4,14.8
12087,FL,Monroe,13.2,14.8
12089,FL,Nassau,11.6,14.8
12091,FL,Okaloosa,10.8,14.8
12093,FL,Okeechobee,15.6,14.8
12095,FL,Orange,11.7,14.8
12097,FL,Osceola,13.4,14.8
12099,FL,Palm Beach,13.7,14.8
12101,FL,Pasco,12.8,14.8
12103,FL,Pinellas,13.1,14.8
12105,FL,Polk,13.6,14.8
12107,FL,Putnam,17.5,14.8
12109,FL,St. Johns,10.6,14.8
12111,FL,St. Lucie,14.5,14.8
12113,FL,Santa Rosa,10.9,14.8
12115,FL,Sarasota,13.0,14.8
12117,FL,Seminole,11.0,14.8
12119,FL,Sumter,16.0,14.8
12121,FL,Suwannee,15.0,14.8
12123,FL,Taylor,15.9,14.8
12125,FL,Union,14.5,14.8
12127,FL,Volusia,13.5,14.8
12129,FL,Wakulla,12.6,14.8
12131,FL,Walton,12.3,14.8
12133,FL,Washington,15.1,14.8
13001,GA,Appling,17.4,24.5
13003,GA,Atkinson,18.0,31.5
13005,GA,Bacon,14.9,20.8
13007,GA,Baker,22.9,28.3
13009,GA,Baldwin,15.3,22.3
13011,GA,Banks,13.8,16.4
13013,GA,Barrow,12.2,17.3
13015,GA,Bartow,12.0,14.9
13017,GA,Ben Hill,19.1,28.6
13019,GA,Berrien,16.0,22.0
13021,GA,Bibb,16.9,25.9
13023,GA,Bleckley,14.7,19.5
13025,GA,Brantley,14.4,18.4
13027,GA,Brooks,20.0,26.5
13029,GA,Bryan,10.0,12.1
13031,GA,Bulloch,11.5,19.2
13033,GA,Burke,18.3,25.9
13035,GA,Butts,13.8,19.8
13037,GA,Calhoun,18.5,30.5
13039,GA,Camden,12.3,16.1
13043,GA,Candler,16.5,23.6
13045,GA,Carroll,12.8,18.1
13047,GA,Catoosa,12.5,12.4
13049,GA,Charlton,16.1,26.0
13051,GA,Chatham,13.1,17.6
13053,GA,Chattahoochee,7.5,20.3
13055,GA,Chattooga,16.0,22.6
13057,GA,Cherokee,11.0,10.8
13059,GA,Clarke,10.9,18.4
13061,GA,Clay,21.5,25.9
13063,GA,Clayton,16.2,30.8
13065,GA,Clinch,17.3,26.2
13067,GA,Cobb,10.9,12.5
13069,GA,Coffee,16.1,27.6
13071,GA,Colquitt,16.7,25.7
13073,GA,Columbia,11.9,12.2
13075,GA,Cook,16.5,25.0
13077,GA,Coweta,12.4,12.9
13079,GA,Crawford,15.5,17.9
13081,GA,Crisp,19.4,27.7
13083,GA,Dade,12.6,12.8
13085,GA,Dawson,11.6,11.2
13087,GA,Decatur,17.8,26.5
13089,GA,DeKalb,13.0,17.4
13091,GA,Dodge,16.7,22.9
13093,GA,Dooly,18.3,24.8
13095,GA,Dougherty,19.0,30.7
13097,GA,Douglas,13.6,20.0
13099,GA,Early,18.9,27.1
13101,GA,Echols,13.6,19.4
13103,GA,Effingham,11.3,13.5
13105,GA,Elbert,16.6,21.0
13107,GA,Emanuel,16.4,25.6
13109,GA,Evans,16.8,25.2
13111,GA,Fannin,16.5,13.6
13113,GA,Fayette,12.6,10.5
13115,GA,Floyd,14.1,18.4
13117,GA,Forsyth,9.9,8.5
13119,GA,Franklin,14.7,18.7
13121,GA,Fulton,10.9,14.8
13123,GA,Gilmer,15.2,13.5
13125,GA,Glascock,14.5,17.2
13127,GA,Glynn,15.3,16.3
13129,GA,Gordon,13.9,18.4
13131,GA,Grady,17.2,23.0
13133,GA,Greene,15.6,13.2
13135,GA,Gwinnett,12.6,17.6
13137,GA,Habersham,12.9,16.0
13139,GA,Hall,13.2,17.6
13141,GA,Hancock,22.8,33.7
13143,GA,Haralson,12.6,15.4
13145,GA,Harris,12.6,11.1
13147,GA,Hart,15.3,16.6
13149,GA,Heard,14.3,17.5
13151,GA,Henry,13.4,18.2
13153,GA,Houston,13.1,16.0
13155,GA,Irwin,16.2,21.4
13157,GA,Jackson,11.6,14.3
13159,GA,Jasper,14.6,17.7
13161,GA,Jeff Davis,16.4,25.3
13163,GA,Jefferson,18.5,28.6
13165,GA,Jenkins,18.2,30.1
13167,GA,Johnson,18.0,25.9
13169,GA,Jones,14.4,17.2
13171,GA,Lamar,13.6,17.8
13173,GA,Lanier,15.9,24.5
13175,GA,Laurens,16.4,23.3
13177,GA,Lee,11.8,13.8
13179,GA,Liberty,11.6,21.8
13181,GA,Lincoln,18.2,19.9
13183,GA,Long,12.4,21.7
13185,GA,Lowndes,12.9,21.7
13187,GA,Lumpkin,11.5,13.2
13189,GA,McDuffie,16.7,22.6
13191,GA,McIntosh,20.4,23.2
13193,GA,Macon,21.1,35.1
13195,GA,Madison,14.7,19.0
13197,GA,Marion,18.7,23.1
13199,GA,Meriwether,17.6,22.9
13201,GA,Miller,17.8,21.5
13205,GA,Mitchell,18.4,27.0
13207,GA,Monroe,13.1,14.7
13209,GA,Montgomery,15.4,20.8
13211,GA,Morgan,12.9,12.4
13213,GA,Murray,13.3,17.0
13215,GA,Muscogee,15.0,22.0
13217,GA,Newton,14.4,21.1
13219,GA,Oconee,10.1,7.5
13221,GA,Oglethorpe,14.1,15.7
13223,GA,Paulding,11.6,14.4
13225,GA,Peach,14.9,20.5
13227,GA,Pickens,13.6,12.8
13229,GA,Pierce,14.3,17.9
13231,GA,Pike,11.9,13.1
13233,GA,Polk,14.1,20.0
13235,GA,Pulaski,16.8,24.2
13237,GA,Putnam,17.1,17.9
13239,GA,Quitman,23.6,25.9
13241,GA,Rabun,15.5,13.0
13243,GA,Randolph,24.9,34.1
13245,GA,Richmond,16.7,25.7
13247,GA,Rockdale,17.0,22.7
13249,GA,Schley,15.1,17.1
13251,GA,Screven,17.8,23.0
13253,GA,Seminole,18.0,20.7
13255,GA,Spalding,16.0,22.3
13257,GA,Stephens,14.9,17.6
13259,GA,Stewart,17.9,34.6
13261,GA,Sumter,16.7,25.6
13263,GA,Talbot,22.1,26.6
13265,GA,Taliaferro,21.7,25.6
13267,GA,Tattnall,16.0,26.0
13269,GA,Taylor,20.2,28.5
13271,GA,Telfair,20.5,32.3
13273,GA,Terrell,21.2,31.6
13275,GA,Thomas,16.0,19.6
13277,GA,Tift,15.8,23.3
13279,GA,Toombs,15.5,22.8
13281,GA,Towns,15.9,10.8
13283,GA,Treutlen,18.3,29.2
13285,GA,Troup,15.0,21.7
13287,GA,Turner,18.5,28.0
13289,GA,Twiggs,18.6,22.2
13291,GA,Union,15.7,11.5
13293,GA,Upson,16.3,21.2
13295,GA,Walker,13.5,15.1
13297,GA,Walton,13.0,16.7
13299,GA,Ware,16.8,24.6
13301,GA,Warren,20.2,26.6
13303,GA,Washington,18.7,27.6
13305,GA,Wayne,15.8,23.5
13307,GA,Webster,21.0,25.1
13309,GA,Wheeler,16.0,26.8
13311,GA,White,13.2,12.5
13313,GA,Whitfield,14.1,20.8
13315,GA,Wilcox,17.4,24.8
13317,GA,Wilkes,18.9,23.0
13319,GA,Wilkinson,17.7,22.5
13321,GA,Worth,16.9,21.8
15001,HI,Hawaii,12.5,19.9
15003,HI,Honolulu,12.4,16.9
15005,HI,Kalawao,22.1,23.2
15007,HI,Kauai,12.0,16.5
15009,HI,Maui,12.2,17.1
16001,ID,Ada,9.0,9.9
16003,ID,Adams,13.9,12.8
16005,ID,Bannock,9.7,14.4
16007,ID,Bear Lake,11.6,12.4
16009,ID,Benewah,13.5,16.8
16011,ID,Bingham,11.2,15.5
16013,ID,Blaine,10.2,10.2
16015,ID,Boise,12.1,9.9
16017,ID,Bonner,11.8,11.0
16019,ID,Bonneville,9.4,12.6
16021,ID,Boundary,12.6,14.7
16023,ID,Butte,15.2,18.4
16025,ID,Camas,11.8,11.2
16027,ID,Canyon,11.2,14.7
16029,ID,Caribou,10.5,12.1
16031,ID,Cassia,11.0,17.1
16033,ID,Clark,13.8,20.2
16035,ID,Clearwater,13.1,13.0
16037,ID,Custer,13.4,11.4
16039,ID,Elmore,10.4,16.5
16041,ID,Franklin,9.4,12.4
16043,ID,Fremont,10.5,13.1
16045,ID,Gem,11.5,12.1
16047,ID,Gooding,13.0,18.9
16049,ID,Idaho,12.8,12.0
16051,ID,Jefferson,9.1,11.9
16053,ID,Jerome,12.6,21.9
16055,ID,Kootenai,9.9,11.1
16057,ID,Latah,7.8,11.4
16059,ID,Lemhi,12.7,11.6
16061,ID,Lewis,15.1,15.8
16063,ID,Lincoln,11.5,17.9
16065,ID,Madison,4.9,17.4
16067,ID,Minidoka,12.3,18.8
16069,ID,Nez Perce,10.8,13.1
16071,ID,Oneida,10.5,11.0
16073,ID,Owyhee,13.4,20.3
16075,ID,Payette,11.8,15.6
16077,ID,Power,12.1,18.3
16079,ID,Shoshone,13.5,15.8
16081,ID,Teton,9.2,10.4
16083,ID,Twin Falls,11.0,14.7
16085,ID,Valley,13.1,11.7
16087,ID,Washington,14.5,16.6
17001,IL,Adams,12.0,12.9
17003,IL,Alexander,19.0,24.4
17005,IL,Bond,11.6,15.2
17007,IL,Boone,12.2,15.9
17009,IL,Brown,11.7,19.8
17011,IL,Bureau,13.2,14.2
17013,IL,Calhoun,11.9,9.8
17015,IL,Carroll,13.3,14.2
17017,IL,Cass,13.4,18.1
17019,IL,Champaign,9.6,14.7
17021,IL,Christian,12.3,14.3
17023,IL,Clark,12.0,12.5
17025,IL,Clay,13.9,16.6
17027,IL,Clinton,11.3,12.2
17029,IL,Coles,11.4,15.2
17031,IL,Cook,11.8,19.2
17033,IL,Crawford,12.1,14.0
17035,IL,Cumberland,11.9,11.8
17037,IL,DeKalb,10.3,15.5
17039,IL,De Witt,12.2,13.1
17041,IL,Douglas,11.7,14.1
17043,IL,DuPage,10.0,10.7
17045,IL,Edgar,13.6,14.4
17047,IL,Edwards,14.1,15.5
17049,IL,Effingham,11.3,12.0
17051,IL,Fayette,12.7,17.1
17053,IL,Ford,12.4,14.5
17055,IL,Franklin,13.9,16.4
17057,IL,Fulton,13.0,15.4
17059,IL,Gallatin,14.6,15.6
17061,IL,Greene,13.2,14.9
17063,IL,Grundy,10.3,12.4
17065,IL,Hamilton,13.9,15.4
17067,IL,Hancock,13.2,12.5
17069,IL,Hardin,14.7,14.8
17071,IL,Henderson,14.1,12.7
17073,IL,Henry,11.9,11.9
17075,IL,Iroquois,13.9,15.8
17077,IL,Jackson,11.6,18.0
17079,IL,Jasper,12.0,11.4
17081,IL,Jefferson,13.0,15.4
17083,IL,Jersey,11.7,11.6
17085,IL,Jo Daviess,13.2,10.5
17087,IL,Johnson,12.9,17.5
17089,IL,Kane,11.5,14.3
17091,IL,Kankakee,13.0,17.4
17093,IL,Kendall,9.4,12.0
17095,IL,Knox,13.5,16.8
17097,IL,Lake,11.2,12.4
17099,IL,LaSalle,12.4,14.7
17101,IL,Lawrence,12.8,18.0
17103,IL,Lee,12.8,14.5
17105,IL,Livingston,12.2,14.5
17107,IL,Logan,11.6,14.6
17109,IL,McDonough,11.4,15.4
17111,IL,McHenry,10.5,11.1
17113,IL,McLean,9.5,12.1
17115,IL,Macon,13.3,16.5
17117,IL,Macoupin,12.8,13.7
17119,IL,Madison,11.2,13.5
17121,IL,Marion,13.3,15.7
17123,IL,Marshall,13.0,12.9
17125,IL,Mason,13.3,13.7
17127,IL,Massac,14.1,15.9
17129,IL,Menard,11.7,11.6
17131,IL,Mercer,12.4,12.9
17133,IL,Monroe,10.1,8.4
17135,IL,Montgomery,12.6,14.5
17137,IL,Morgan,12.6,15.2
17139,IL,Moultrie,11.6,14.0
17141,IL,Ogle,12.2,13.1
17143,IL,Peoria,12.6,15.8
17145,IL,Perry,13.2,17.7
17147,IL,Piatt,10.9,9.8
17149,IL,Pike,13.3,15.2
17151,IL,Pope,14.9,12.5
17153,IL,Pulaski,18.4,25.7
17155,IL,Putnam,12.1,10.9
17157,IL,Randolph,12.9,15.7
17159,IL,Richland,12.5,13.6
17161,IL,Rock Island,13.1,16.4
17163,IL,St. Clair,13.1,16.6
17165,IL,Saline,13.5,15.5
17167,IL,Sangamon,11.9,13.3
17169,IL,Schuyler,14.4,15.6
17171,IL,Scott,12.3,12.7
17173,IL,Shelby,13.0,12.7
17175,IL,Stark,12.7,12.9
17177,IL,Stephenson,13.9,14.9
17179,IL,Tazewell,11.2,11.6
17181,IL,Union,14.1,16.5
17183,IL,Vermilion,14.4,18.7
17185,IL,Wabash,13.3,14.4
17187,IL,Warren,12.3,14.7
17189,IL,Washington,11.7,11.3
17191,IL,Wayne,13.6,15.1
17193,IL,White,14.5,16.7
17195,IL,Whiteside,13.0,14.1
17197,IL,Will,10.7,13.1
17199,IL,Williamson,12.4,13.7
17201,IL,Winnebago,13.9,18.4
17203,IL,Woodford,10.6,9.9
18001,IN,Adams,14.1,17.0
18003,IN,Allen,12.9,14.9
18005,IN,Bartholomew,12.4,13.1
18007,IN,Benton,14.2,15.8
18009,IN,Blackford,16.4,17.6
18011,IN,Boone,10.5,8.9
18013,IN,Brown,14.7,10.8
18015,IN,Carroll,13.9,13.3
18017,IN,Cass,15.3,17.7
18019,IN,Clark,12.5,13.8
18021,IN,Clay,14.2,14.1
18023,IN,Clinton,13.4,16.1
18025,IN,Crawford,17.8,20.0
18027,IN,Daviess,13.8,17.7
18029,IN,Dearborn,12.4,10.8
18031,IN,Decatur,12.4,12.5
18033,IN,DeKalb,12.8,12.8
18035,IN,Delaware,13.5,16.4
18037,IN,Dubois,13.2,12.4
18039,IN,Elkhart,13.6,17.6
18041,IN,Fayette,15.4,16.8
18043,IN,Floyd,12.5,12.4
18045,IN,Fountain,14.1,14.2
18047,IN,Franklin,13.7,12.3
18049,IN,Fulton,14.6,14.8
18051,IN,Gibson,13.0,13.6
18053,IN,Grant,15.2,17.0
18055,IN,Greene,14.7,15.0
18057,IN,Hamilton,9.6,7.4
18059,IN,Hancock,11.3,9.8
18061,IN,Harrison,12.8,11.7
18063,IN,Hendricks,11.1,10.3
18065,IN,Henry,13.5,14.4
18067,IN,Howard,14.4,14.6
18069,IN,Huntington,13.3,13.2
18071,IN,Jackson,13.6,14.9
18073,IN,Jasper,12.7,12.0
18075,IN,Jay,15.0,16.7
18077,IN,Jefferson,13.5,13.8
18079,IN,Jennings,14.3,15.1
18081,IN,Johnson,11.9,11.4
18083,IN,Knox,13.2,14.4
18085,IN,Kosciusko,13.0,13.5
18087,IN,LaGrange,12.4,16.6
18089,IN,Lake,15.1,19.5
18091,IN,LaPorte,15.0,16.0
18093,IN,Lawrence,13.9,12.7
18095,IN,Madison,14.0,15.8
18097,IN,Marion,13.0,18.6
18099,IN,Marshall,14.0,15.0
18101,IN,Martin,14.6,14.1
18103,IN,Miami,14.6,16.5
18105,IN,Monroe,9.9,12.7
18107,IN,Montgomery,13.5,14.6
18109,IN,Morgan,13.4,12.3
18111,IN,Newton,14.4,15.1
18113,IN,Noble,13.2,14.6
18115,IN,Ohio,14.3,11.8
18117,IN,Orange,14.7,15.2
18119,IN,Owen,14.5,14.4
18121,IN,Parke,15.4,17.5
18123,IN,Perry,13.4,13.5
18125,IN,Pike,14.5,14.0
18127,IN,Porter,12.5,12.3
18129,IN,Posey,12.9,10.9
18131,IN,Pulaski,14.5,14.3
18133,IN,Putnam,12.4,13.1
18135,IN,Randolph,14.4,15.0
18137,IN,Ripley,12.5,12.3
18139,IN,Rush,14.3,14.8
18141,IN,St. Joseph,12.9,15.4
18143,IN,Scott,14.1,16.3
18145,IN,Shelby,13.9,13.7
18147,IN,Spencer,13.4,11.4
18149,IN,Starke,15.0,16.0
18151,IN,Steuben,13.5,12.0
18153,IN,Sullivan,14.1,16.6
18155,IN,Switzerland,14.9,16.0
18157,IN,Tippecanoe,10.0,14.5
18159,IN,Tipton,13.5,11.7
18161,IN,Union,13.0,11.2
18163,IN,Vanderburgh,12.8,14.8
18165,IN,Vermillion,14.3,14.4
18167,IN,Vigo,13.7,16.8
18169,IN,Wabash,13.8,13.3
18171,IN,Warren,14.1,12.8
18173,IN,Warrick,11.6,9.0
18175,IN,Washington,14.7,15.6
18177,IN,Wayne,14.7,16.7
18179,IN,Wells,12.7,12.4
18181,IN,White,14.6,13.6
18183,IN,Whitley,12.6,11.8
19001,IA,Adair,13.1,12.2
19003,IA,Adams,13.2,11.0
19005,IA,Allamakee,13.1,12.3
19007,IA,Appanoose,15.4,15.8
19009,IA,Audubon,13.6,12.0
19011,IA,Benton,11.1,9.8
19013,IA,Black Hawk,11.6,12.8
19015,IA,Boone,11.2,9.8
19017,IA,Bremer,9.9,9.1
19019,IA,Buchanan,11.1,10.4
19021,IA,Buena Vista,13.0,18.0
19023,IA,Butler,12.6,11.3
19025,IA,Calhoun,12.3,11.3
19027,IA,Carroll,12.0,11.1
19029,IA,Cass,13.9,13.2
19031,IA,Cedar,11.9,10.4
19033,IA,Cerro Gordo,12.5,11.2
19035,IA,Cherokee,13.7,12.8
19037,IA,Chickasaw,12.6,11.2
19039,IA,Clarke,14.2,17.6
19041,IA,Clay,12.3,11.1
19043,IA,Clayton,13.9,13.2
19045,IA,Clinton,12.7,12.9
19047,IA,Crawford,14.3,18.4
19049,IA,Dallas,8.8,8.3
19051,IA,Davis,12.0,13.2
19053,IA,Decatur,12.4,13.9
19055,IA,Delaware,12.5,11.7
19057,IA,Des Moines,12.3,13.0
19059,IA,Dickinson,12.1,8.7
19061,IA,Dubuque,10.4,10.9
19063,IA,Emmet,12.7,13.0
19065,IA,Fayette,13.1,12.9
19067,IA,Floyd,12.9,12.1
19069,IA,Franklin,14.1,14.5
19071,IA,Fremont,12.7,10.6
19073,IA,Greene,13.1,11.6
19075,IA,Grundy,11.1,9.0
19077,IA,Guthrie,12.4,10.2
19079,IA,Hamilton,12.1,11.1
19081,IA,Hancock,12.6,11.5
19083,IA,Hardin,12.9,12.0
19085,IA,Harrison,12.5,11.2
19087,IA,Henry,12.5,12.1
19089,IA,Howard,12.4,12.0
19091,IA,Humboldt,13.2,12.8
19093,IA,Ida,12.4,11.9
19095,IA,Iowa,11.7,10.5
19097,IA,Jackson,12.7,11.4
19099,IA,Jasper,11.9,11.7
19101,IA,Jefferson,13.2,11.7
19103,IA,Johnson,8.8,10.9
19105,IA,Jones,11.9,11.5
19107,IA,Keokuk,13.4,13.0
19109,IA,Kossuth,13.1,11.1
19111,IA,Lee,12.9,12.9
19113,IA,Linn,11.2,11.5
19115,IA,Louisa,12.8,13.5
19117,IA,Lucas,13.9,13.8
19119,IA,Lyon,11.8,10.3
19121,IA,Madison,10.5,9.3
19123,IA,Mahaska,11.7,12.2
19125,IA,Marion,10.5,9.3
19127,IA,Marshall,12.7,14.7
19129,IA,Mills,11.3,9.2
19131,IA,Mitchell,12.2,10.9
19133,IA,Monona,13.1,12.4
19135,IA,Monroe,11.7,10.8
19137,IA,Montgomery,12.9,12.5
19139,IA,Muscatine,12.3,14.2
19141,IA,O'Brien,12.4,13.1
19143,IA,Osceola,14.0,14.5
19145,IA,Page,13.6,14.0
19147,IA,Palo Alto,12.1,11.0
19149,IA,Plymouth,11.2,10.3
19151,IA,Pocahontas,13.3,12.1
19153,IA,Polk,10.1,12.5
19155,IA,Pottawattamie,11.7,14.0
19157,IA,Poweshiek,11.4,11.8
19159,IA,Ringgold,12.2,10.5
19161,IA,Sac,12.5,10.9
19163,IA,Scott,11.0,12.7
19165,IA,Shelby,12.5,10.8
19167,IA,Sioux,9.8,10.6
19169,IA,Story,8.1,10.9
19171,IA,Tama,13.6,14.9
19173,IA,Taylor,12.9,12.4
19175,IA,Union,12.1,12.2
19177,IA,Van Buren,13.9,13.9
19179,IA,Wapello,13.5,16.1
19181,IA,Warren,9.7,8.7
19183,IA,Washington,12.0,11.4
19185,IA,Wayne,13.1,12.7
19187,IA,Webster,11.8,13.2
19189,IA,Winnebago,11.6,10.8
19191,IA,Winneshiek,10.7,8.7
19193,IA,Woodbury,12.1,15.3
19195,IA,Worth,12.4,10.6
19197,IA,Wright,13.9,14.6
20001,KS,Allen,12.5,13.4
20003,KS,Anderson,13.1,14.1
20005,KS,Atchison,11.2,12.9
20007,KS,Barber,13.8,12.4
20009,KS,Barton,13.4,15.3
20011,KS,Bourbon,12.7,13.8
20013,KS,Brown,13.5,13.7
20015,KS,Butler,10.7,11.4
20017,KS,Chase,13.9,14.0
20019,KS,Chautauqua,15.2,16.3
20021,KS,Cherokee,13.4,15.3
20023,KS,Cheyenne,14.8,14.9
20025,KS,Clark,12.1,11.6
20027,KS,Clay,12.8,12.0
20029,KS,Cloud,12.3,12.3
20031,KS,Coffey,12.7,11.7
20033,KS,Comanche,13.3,11.2
20035,KS,Cowley,12.8,14.5
20037,KS,Crawford,11.2,15.0
20039,KS,Decatur,13.4,10.1
20041,KS,Dickinson,11.9,11.3
20043,KS,Doniphan,11.5,11.3
20045,KS,Douglas,8.4,11.0
20047,KS,Edwards,14.3,15.8
20049,KS,Elk,15.8,14.6
20051,KS,Ellis,9.8,11.8
20053,KS,Ellsworth,11.7,11.2
20055,KS,Finney,13.1,21.6
20057,KS,Ford,13.1,23.2
20059,KS,Franklin,11.5,11.9
20061,KS,Geary,9.3,19.5
20063,KS,Gove,12.3,10.3
20065,KS,Graham,14.3,12.1
20067,KS,Grant,11.8,15.0
20069,KS,Gray,11.2,14.3
20071,KS,Greeley,11.7,11.1
20073,KS,Greenwood,14.4,13.1
20075,KS,Hamilton,11.8,16.1
20077,KS,Harper,14.8,16.5
20079,KS,Harvey,12.2,12.0
20081,KS,Haskell,13.2,17.8
20083,KS,Hodgeman,11.5,9.8
20085,KS,Jackson,12.3,12.0
20087,KS,Jefferson,11.3,9.6
20089,KS,Jewell,15.8,13.1
20091,KS,Johnson,9.4,7.5
20093,KS,Kearny,12.9,17.1
20095,KS,Kingman,12.0,12.0
20097,KS,Kiowa,11.8,11.1
20099,KS,Labette,13.4,15.3
20101,KS,Lane,13.1,11.4
20103,KS,Leavenworth,10.8,10.5
20105,KS,Lincoln,14.2,12.3
20107,KS,Linn,12.5,11.3
20109,KS,Logan,12.5,12.7
20111,KS,Lyon,11.5,16.2
20113,KS,McPherson,10.5,10.1
20115,KS,Marion,12.2,11.2
20117,KS,Marshall,13.0,12.6
20119,KS,Meade,12.5,14.7
20121,KS,Miami,10.8,9.6
20123,KS,Mitchell,12.8,11.5
20125,KS,Montgomery,13.8,16.0
20127,KS,Morris,13.5,11.2
20129,KS,Morton,14.0,16.3
20131,KS,Nemaha,11.4,10.6
20133,KS,Neosho,13.1,13.8
20135,KS,Ness,13.2,12.2
20137,KS,Norton,12.7,14.2
20139,KS,Osage,12.5,11.9
20141,KS,Osborne,14.0,11.6
20143,KS,Ottawa,12.2,11.2
20145,KS,Pawnee,12.7,12.6
20147,KS,Phillips,13.6,12.5
20149,KS,Pottawatomie,9.7,9.6
20151,KS,Pratt,12.1,12.1
20153,KS,Rawlins,14.7,12.6
20155,KS,Reno,13.2,14.4
20157,KS,Republic,14.3,12.6
20159,KS,Rice,11.9,12.1
20161,KS,Riley,7.2,13.4
20163,KS,Rooks,12.3,11.2
20165,KS,Rush,13.9,12.3
20167,KS,Russell,13.9,13.2
20169,KS,Saline,12.1,13.0
20171,KS,Scott,11.4,11.8
20173,KS,Sedgwick,12.0,15.4
20175,KS,Seward,13.4,24.5
20177,KS,Shawnee,12.5,13.8
20179,KS,Sheridan,11.8,9.6
20181,KS,Sherman,12.3,12.5
20183,KS,Smith,13.3,10.1
20185,KS,Stafford,13.1,12.8
20187,KS,Stanton,14.7,20.6
20189,KS,Stevens,14.9,21.6
20191,KS,Sumner,12.4,12.6
20193,KS,Thomas,10.2,10.2
20195,KS,Trego,12.3,9.3
20197,KS,Wabaunsee,11.5,10.2
20199,KS,Wallace,13.7,12.3
20201,KS,Washington,11.9,11.2
20203,KS,Wichita,14.5,16.0
20205,KS,Wilson,13.8,13.9
20207,KS,Woodson,13.6,12.1
20209,KS,Wyandotte,14.5,22.7
22001,LA,Acadia,16.5,26.3
22003,LA,Allen,15.3,26.4
22005,LA,Ascension,12.2,17.1
22007,LA,Assumption,16.7,24.6
22009,LA,Avoyelles,17.7,29.7
22011,LA,Beauregard,13.4,19.0
22013,LA,Bienville,22.1,33.2
22015,LA,Bossier,13.2,18.9
22017,LA,Caddo,17.2,27.5
22019,LA,Calcasieu,14.2,19.9
22021,LA,Caldwell,16.7,26.0
22023,LA,Cameron,13.3,15.2
22025,LA,Catahoula,17.7,29.0
22027,LA,Claiborne,22.8,37.8
22029,LA,Concordia,19.8,32.3
22031,LA,De Soto,17.8,26.3
22033,LA,East Baton Rouge,13.9,21.2
22035,LA,East Carroll,22.0,46.4
22037,LA,East Feliciana,16.1,22.2
22039,LA,Evangeline,16.8,28.5
22041,LA,Franklin,18.4,29.3
22043,LA,Grant,13.7,22.1
22045,LA,Iberia,17.1,26.4
22047,LA,Iberville,16.5,26.3
22049,LA,Jackson,17.7,25.2
22051,LA,Jefferson,16.2,20.5
22053,LA,Jefferson Davis,14.8,21.5
22055,LA,Lafayette,13.0,19.0
22057,LA,Lafourche,14.7,21.4
22059,LA,LaSalle,13.1,20.6
22061,LA,Lincoln,13.5,25.9
22063,LA,Livingston,12.7,18.5
22065,LA,Madison,22.6,41.2
22067,LA,Morehouse,20.3,33.7
22069,LA,Natchitoches,15.5,26.2
22071,LA,Orleans,16.2,24.4
22073,LA,Ouachita,15.4,24.5
22075,LA,Plaquemines,13.8,19.8
22077,LA,Pointe Coupee,17.1,23.1
22079,LA,Rapides,15.6,23.2
22081,LA,Red River,19.8,31.5
22083,LA,Richland,17.7,28.0
22085,LA,Sabine,17.9,25.0
22087,LA,St. Bernard,15.3,27.0
22089,LA,St. Charles,13.2,16.7
22091,LA,St. Helena,19.8,31.7
22093,LA,St. James,16.5,21.5
22095,LA,St. John the Baptist,17.2,26.6
22097,LA,St. Landry,18.2,30.1
22099,LA,St. Martin,15.5,23.6
22101,LA,St. Mary,18.1,27.5
22103,LA,St. Tammany,13.3,15.0
22105,LA,Tangipahoa,14.6,23.3
22107,LA,Tensas,25.1,34.6
22109,LA,Terrebonne,15.2,21.8
22111,LA,Union,18.4,25.0
22113,LA,Vermilion,15.0,21.7
22115,LA,Vernon,12.5,21.5
22117,LA,Washington,17.8,26.8
22119,LA,Webster,19.5,29.8
22121,LA,West Baton Rouge,14.0,20.9
22123,LA,West Carroll,16.5,21.7
22125,LA,West Feliciana,14.6,19.7
22127,LA,Winn,17.1,26.2
23001,ME,Androscoggin,12.1,13.9
23003,ME,Aroostook,14.8,13.6
23005,ME,Cumberland,8.9,8.0
23007,ME,Franklin,11.3,12.3
23009,ME,Hancock,11.2,9.6
23011,ME,Kennebec,11.8,11.4
23013,ME,Knox,11.2,8.9
23015,ME,Lincoln,11.8,8.7
23017,ME,Oxford,13.7,14.0
23019,ME,Penobscot,11.5,11.8
23021,ME,Piscataquis,13.8,13.8
23023,ME,Sagadahoc,10.8,9.4
23025,ME,Somerset,13.9,14.5
23027,ME,Waldo,11.7,10.9
23029,ME,Washington,14.9,14.6
23031,ME,York,10.4,9.0
24001,MD,Allegany,13.3,18.0
24003,MD,Anne Arundel,10.4,11.5
24005,MD,Baltimore,13.1,15.6
24009,MD,Calvert,10.9,10.5
24011,MD,Caroline,14.2,19.2
24013,MD,Carroll,10.3,9.0
24015,MD,Cecil,13.2,13.3
24017,MD,Charles,13.4,16.4
24019,MD,Dorchester,16.6,19.3
24021,MD,Frederick,10.6,10.5
24023,MD,Garrett,14.1,12.3
24025,MD,Harford,11.6,10.9
24027,MD,Howard,10.4,9.4
24029,MD,Kent,13.7,12.4
24031,MD,Montgomery,10.8,12.0
24033,MD,Prince George's,15.2,22.1
24035,MD,Queen Anne's,11.6,10.1
24037,MD,St. Mary's,11.4,12.1
24039,MD,Somerset,14.2,23.4
24041,MD,Talbot,13.1,11.2
24043,MD,Washington,13.3,15.9
24045,MD,Wicomico,12.6,16.7
24047,MD,Worcester,13.7,11.2
24510,MD,Baltimore,14.4,25.2
25001,MA,Barnstable,10.7,8.3
25003,MA,Berkshire,10.9,11.4
25005,MA,Bristol,10.8,14.9
25007,MA,Dukes,10.6,8.7
25009,MA,Essex,10.3,13.3
25011,MA,Franklin,10.8,11.0
25013,MA,Hampden,12.1,18.7
25015,MA,Hampshire,8.2,10.0
25017,MA,Middlesex,8.5,9.5
25019,MA,Nantucket,8.6,8.7
25021,MA,Norfolk,9.0,9.4
25023,MA,Plymouth,10.3,11.3
25025,MA,Suffolk,9.3,17.2
25027,MA,Worcester,10.4,13.1
26001,MI,Alcona,16.0,12.8
26003,MI,Alger,13.2,14.1
26005,MI,Allegan,11.6,13.2
26007,MI,Alpena,14.2,15.4
26009,MI,Antrim,12.8,10.5
26011,MI,Arenac,14.7,15.0
26013,MI,Baraga,14.5,18.6
26015,MI,Barry,11.2,12.0
26017,MI,Bay,12.6,14.3
26019,MI,Benzie,12.8,10.6
26021,MI,Berrien,13.5,15.8
26023,MI,Branch,13.3,17.0
26025,MI,Calhoun,13.3,17.2
26027,MI,Cass,13.1,14.4
26029,MI,Charlevoix,12.3,10.2
26031,MI,Cheboygan,14.6,14.3
26033,MI,Chippewa,12.7,17.9
26035,MI,Clare,15.4,17.8
26037,MI,Clinton,10.6,11.1
26039,MI,Crawford,14.9,14.7
26041,MI,Delta,13.8,13.9
26043,MI,Dickinson,12.6,11.9
26045,MI,Eaton,11.4,12.2
26047,MI,Emmet,11.5,10.0
26049,MI,Genesee,13.2,19.1
26051,MI,Gladwin,15.0,15.5
26053,MI,Gogebic,15.2,14.5
26055,MI,Grand Traverse,10.7,10.3
26057,MI,Gratiot,11.6,16.4
26059,MI,Hillsdale,13.5,16.2
26061,MI,Houghton,10.0,12.8
26063,MI,Huron,14.3,14.3
26065,MI,Ingham,10.2,14.8
26067,MI,Ionia,11.1,14.9
26069,MI,Iosco,15.9,15.9
26071,MI,Iron,15.3,13.9
26073,MI,Isabella,10.5,17.7
26075,MI,Jackson,12.5,14.7
26077,MI,Kalamazoo,9.7,14.0
26079,MI,Kalkaska,13.5,15.4
26081,MI,Kent,10.3,13.6
26083,MI,Keweenaw,13.4,8.8
26085,MI,Lake,17.2,21.8
26087,MI,Lapeer,11.9,13.2
26089,MI,Leelanau,12.2,8.0
26091,MI,Lenawee,12.4,14.2
26093,MI,Livingston,9.7,8.8
26095,MI,Luce,14.1,17.8
26097,MI,Mackinac,16.4,17.8
26099,MI,Macomb,11.4,15.1
26101,MI,Manistee,13.7,13.8
26103,MI,Marquette,10.6,12.1
26105,MI,Mason,13.8,13.9
26107,MI,Mecosta,12.4,16.1
26109,MI,Menominee,13.9,14.0
26111,MI,Midland,10.8,11.1
26113,MI,Missaukee,13.3,14.6
26115,MI,Monroe,12.3,12.7
26117,MI,Montcalm,12.4,16.7
26119,MI,Montmorency,16.5,15.2
26121,MI,Muskegon,12.7,16.5
26123,MI,Newaygo,13.2,16.1
26125,MI,Oakland,10.2,10.9
26127,MI,Oceana,13.7,16.4
26129,MI,Ogemaw,15.3,15.8
26131,MI,Ontonagon,16.5,13.2
26133,MI,Osceola,13.7,16.1
26135,MI,Oscoda,16.5,17.3
26137,MI,Otsego,12.3,12.4
26139,MI,Ottawa,9.4,11.2
26141,MI,Presque Isle,15.6,13.5
26143,MI,Roscommon,15.7,13.5
26145,MI,Saginaw,14.1,19.6
26147,MI,St. Clair,12.2,13.8
26149,MI,St. Joseph,12.8,16.0
26151,MI,Sanilac,13.8,15.3
26153,MI,Schoolcraft,15.8,16.0
26155,MI,Shiawassee,12.5,13.7
26157,MI,Tuscola,13.2,14.9
26159,MI,Van Buren,13.5,16.4
26161,MI,Washtenaw,8.7,11.0
26163,MI,Wayne,14.3,23.5
26165,MI,Wexford,13.0,15.5
27001,MN,Aitkin,15.2,12.0
27003,MN,Anoka,10.6,11.7
27005,MN,Becker,11.8,12.2
27007,MN,Beltrami,11.3,15.7
27009,MN,Benton,10.2,12.6
27011,MN,Big Stone,13.2,11.4
27013,MN,Blue Earth,9.4,12.9
27015,MN,Brown,11.5,11.1
27017,MN,Carlton,11.7,11.7
27019,MN,Carver,8.5,8.1
27021,MN,Cass,14.2,12.6
27023,MN,Chippewa,12.8,14.1
27025,MN,Chisago,10.3,10.2
27027,MN,Clay,9.3,12.1
27029,MN,Clearwater,12.8,14.8
27031,MN,Cook,12.9,9.6
27033,MN,Cottonwood,13.1,14.1
27035,MN,Crow Wing,11.8,10.2
27037,MN,Dakota,9.7,9.7
27039,MN,Dodge,9.6,9.5
27041,MN,Douglas,11.4,9.7
27043,MN,Faribault,12.8,13.5
27045,MN,Fillmore,11.8,10.9
27047,MN,Freeborn,12.9,13.4
27049,MN,Goodhue,10.9,10.8
27051,MN,Grant,12.7,12.4
27053,MN,Hennepin,8.1,11.2
27055,MN,Houston,11.3,9.5
27057,MN,Hubbard,13.3,10.7
27059,MN,Isanti,10.5,11.7
27061,MN,Itasca,13.7,11.6
27063,MN,Jackson,11.7,10.4
27065,MN,Kanabec,12.8,13.6
27067,MN,Kandiyohi,12.3,13.1
27069,MN,Kittson,12.5,10.2
27071,MN,Koochiching,13.4,11.1
27073,MN,Lac qui Parle,12.2,9.7
27075,MN,Lake,12.5,10.4
27077,MN,Lake of the Woods,12.9,10.3
27079,MN,Le Sueur,10.9,10.4
27081,MN,Lincoln,12.0,11.0
27083,MN,Lyon,11.0,12.3
27085,MN,McLeod,11.4,10.9
27087,MN,Mahnomen,16.8,26.1
27089,MN,Marshall,12.1,11.4
27091,MN,Martin,13.0,12.3
27093,MN,Meeker,12.2,11.2
27095,MN,Mille Lacs,12.0,13.8
27097,MN,Morrison,12.0,11.7
27099,MN,Mower,11.8,14.9
27101,MN,Murray,12.6,11.1
27103,MN,Nicollet,9.8,10.9
27105,MN,Nobles,13.5,19.8
27107,MN,Norman,12.5,12.5
27109,MN,Olmsted,9.5,9.7
27111,MN,Otter Tail,12.1,10.9
27113,MN,Pennington,11.2,11.7
27115,MN,Pine,13.1,13.8
27117,MN,Pipestone,12.7,13.4
27119,MN,Polk,11.3,12.6
27121,MN,Pope,12.2,10.3
27123,MN,Ramsey,10.5,14.5
27125,MN,Red Lake,12.0,11.1
27127,MN,Redwood,12.8,13.5
27129,MN,Renville,13.1,13.3
27131,MN,Rice,10.1,12.6
27133,MN,Rock,11.4,11.7
27135,MN,Roseau,11.8,12.0
27137,MN,St. Louis,11.2,11.4
27139,MN,Scott,9.4,9.7
27141,MN,Sherburne,9.0,10.6
27143,MN,Sibley,11.5,12.5
27145,MN,Stearns,10.1,12.9
27147,MN,Steele,10.9,11.6
27149,MN,Stevens,9.7,12.5
27151,MN,Swift,13.2,13.3
27153,MN,Todd,13.3,14.3
27155,MN,Traverse,13.2,12.3
27157,MN,Wabasha,11.6,9.7
27159,MN,Wadena,12.7,13.9
27161,MN,Waseca,11.4,12.6
27163,MN,Washington,10.3,8.4
27165,MN,Watonwan,12.9,15.5
27167,MN,Wilkin,12.3,12.5
27169,MN,Winona,9.8,11.1
27171,MN,Wright,9.2,9.4
27173,MN,Yellow Medicine,12.4,12.6
28001,MS,Adams,20.6,31.1
28003,MS,Alcorn,15.0,19.1
28005,MS,Amite,20.6,25.5
28007,MS,Attala,16.9,24.4
28009,MS,Benton,17.4,23.5
28011,MS,Bolivar,20.5,33.4
28013,MS,Calhoun,18.2,25.2
28015,MS,Carroll,18.6,23.7
28017,MS,Chickasaw,18.4,27.8
28019,MS,Choctaw,16.9,20.1
28021,MS,Claiborne,20.4,38.0
28023,MS,Clarke,17.8,23.5
28025,MS,Clay,19.1,29.4
28027,MS,Coahoma,21.8,37.9
28029,MS,Copiah,18.2,26.2
28031,MS,Covington,15.6,22.5
28033,MS,DeSoto,12.4,17.0
28035,MS,Forrest,13.1,22.7
28037,MS,Franklin,18.5,25.0
28039,MS,George,13.1,17.8
28041,MS,Greene,14.0,21.7
28043,MS,Grenada,17.6,25.5
28045,MS,Hancock,14.3,14.6
28047,MS,Harrison,14.1,19.6
28049,MS,Hinds,17.0,27.5
28051,MS,Holmes,23.3,41.6
28053,MS,Humphreys,24.7,41.5
28055,MS,Issaquena,16.4,36.8
28057,MS,Itawamba,12.2,15.4
28059,MS,Jackson,15.0,17.7
28061,MS,Jasper,19.0,26.4
28063,MS,Jefferson,23.6,38.7
28065,MS,Jefferson Davis,21.8,30.6
28067,MS,Jones,16.0,21.6
28069,MS,Kemper,18.4,27.5
28071,MS,Lafayette,10.9,16.3
28073,MS,Lamar,12.4,15.8
28075,MS,Lauderdale,16.7,24.9
28077,MS,Lawrence,18.8,27.4
28079,MS,Leake,17.0,26.3
28081,MS,Lee,13.9,18.1
28083,MS,Leflore,20.9,37.5
28085,MS,Lincoln,15.7,21.1
28087,MS,Lowndes,15.5,21.9
28089,MS,Madison,12.4,14.1
28091,MS,Marion,17.2,25.7
28093,MS,Marshall,18.5,28.5
28095,MS,Monroe,16.7,22.4
28097,MS,Montgomery,19.6,26.9
28099,MS,Neshoba,16.5,25.9
28101,MS,Newton,15.7,23.7
28103,MS,Noxubee,21.2,35.8
28105,MS,Oktibbeha,10.9,19.7
28107,MS,Panola,18.4,29.1
28109,MS,Pearl River,14.4,18.1
28111,MS,Perry,16.2,20.9
28113,MS,Pike,18.9,30.3
28115,MS,Pontotoc,13.8,19.6
28117,MS,Prentiss,13.9,18.8
28119,MS,Quitman,22.8,39.4
28121,MS,Rankin,12.1,14.2
28123,MS,Scott,18.3,29.7
28125,MS,Sharkey,25.2,38.9
28127,MS,Simpson,16.2,22.2
28129,MS,Smith,16.9,23.1
28131,MS,Stone,14.0,18.4
28133,MS,Sunflower,19.3,36.8
28135,MS,Tallahatchie,18.9,31.8
28137,MS,Tate,14.2,20.1
28139,MS,Tippah,15.3,21.0
28141,MS,Tishomingo,15.0,18.1
28143,MS,Tunica,21.4,42.2
28145,MS,Union,14.1,20.2
28147,MS,Walthall,17.8,25.9
28149,MS,Warren,16.2,22.0
28151,MS,Washington,21.0,35.9
28153,MS,Wayne,17.8,27.1
28155,MS,Webster,13.7,17.1
28157,MS,Wilkinson,20.6,33.1
28159,MS,Winston,19.5,27.9
28161,MS,Yalobusha,19.0,27.3
28163,MS,Yazoo,18.5,36.1
29001,MO,Adair,10.0,13.7
29003,MO,Andrew,11.6,10.6
29005,MO,Atchison,14.9,13.5
29007,MO,Audrain,14.1,16.9
29009,MO,Barry,15.0,17.3
29011,MO,Barton,15.2,17.9
29013,MO,Bates,13.8,15.9
29015,MO,Benton,16.7,13.9
29017,MO,Bollinger,14.1,15.1
29019,MO,Boone,9.5,12.1
29021,MO,Buchanan,13.0,16.1
29023,MO,Butler,15.3,19.6
29025,MO,Caldwell,13.0,13.8
29027,MO,Callaway,11.9,13.0
29029,MO,Camden,14.7,11.1
29031,MO,Cape Girardeau,11.2,12.7
29033,MO,Carroll,13.9,13.9
29035,MO,Carter,15.7,18.7
29037,MO,Cass,11.5,10.7
29039,MO,Cedar,15.6,16.5
29041,MO,Chariton,14.0,13.1
29043,MO,Christian,10.7,10.4
29045,MO,Clark,14.9,16.0
29047,MO,Clay,10.8,11.1
29049,MO,Clinton,12.0,12.0
29051,MO,Cole,11.0,11.1
29053,MO,Cooper,12.2,12.7
29055,MO,Crawford,14.1,15.4
29057,MO,Dade,16.0,16.1
29059,MO,Dallas,14.9,17.0
29061,MO,Daviess,14.2,15.1
29063,MO,DeKalb,12.5,12.8
29065,MO,Dent,14.6,15.2
29067,MO,Douglas,15.3,15.5
29069,MO,Dunklin,16.0,22.0
29071,MO,Franklin,12.2,11.4
29073,MO,Gasconade,13.5,12.3
29075,MO,Gentry,13.2,14.7
29077,MO,Greene,11.0,13.4
29079,MO,Grundy,14.3,15.6
29081,MO,Harrison,14.7,15.5
29083,MO,Henry,14.4,15.2
29085,MO,Hickory,19.7,19.1
29087,MO,Holt,14.1,12.8
29089,MO,Howard,12.0,12.4
29091,MO,Howell,14.9,18.3
29093,MO,Iron,15.0,16.3
29095,MO,Jackson,12.1,16.6
29097,MO,Jasper,12.8,16.0
29099,MO,Jefferson,11.2,11.2
29101,MO,Johnson,9.6,13.1
29103,MO,Knox,15.1,17.2
29105,MO,Laclede,14.0,17.4
29107,MO,Lafayette,11.8,11.8
29109,MO,Lawrence,13.7,17.2
29111,MO,Lewis,12.7,15.6
29113,MO,Lincoln,11.1,12.2
29115,MO,Linn,13.5,14.4
29117,MO,Livingston,12.6,15.0
29119,MO,McDonald,15.8,22.7
29121,MO,Macon,12.9,12.3
29123,MO,Madison,13.2,14.2
29125,MO,Maries,13.6,13.9
29127,MO,Marion,12.8,13.7
29129,MO,Mercer,15.6,16.2
29131,MO,Miller,13.2,14.2
29133,MO,Mississippi,16.7,24.1
29135,MO,Moniteau,11.9,13.9
29137,MO,Monroe,15.0,14.7
29139,MO,Montgomery,13.9,14.9
29141,MO,Morgan,15.8,17.1
29143,MO,New Madrid,16.1,20.8
29145,MO,Newton,13.4,15.0
29147,MO,Nodaway,10.6,12.9
29149,MO,Oregon,16.5,19.0
29151,MO,Osage,11.2,10.8
29153,MO,Ozark,18.3,18.8
29155,MO,Pemiscot,17.9,26.6
29157,MO,Perry,12.5,12.9
29159,MO,Pettis,12.6,14.9
29161,MO,Phelps,11.7,13.7
29163,MO,Pike,13.5,16.4
29165,MO,Platte,10.0,9.4
29167,MO,Polk,13.0,15.6
29169,MO,Pulaski,8.6,15.3
29171,MO,Putnam,13.6,12.6
29173,MO,Ralls,14.1,13.3
29175,MO,Randolph,12.7,15.5
29177,MO,Ray,13.3,13.5
29179,MO,Reynolds,15.9,17.4
29181,MO,Ripley,15.6,19.0
29183,MO,St. Charles,10.3,8.4
29185,MO,St. Clair,16.2,16.1
29186,MO,Ste. Genevieve,12.5,12.1
29187,MO,St. Francois,12.9,16.7
29189,MO,St. Louis,11.5,11.9
29195,MO,Saline,12.4,15.3
29197,MO,Schuyler,12.2,12.0
29199,MO,Scotland,12.8,14.5
29201,MO,Scott,13.4,17.1
29203,MO,Shannon,15.2,16.0
29205,MO,Shelby,14.9,16.4
29207,MO,Stoddard,14.2,17.0
29209,MO,Stone,15.6,12.3
29211,MO,Sullivan,15.1,17.2
29213,MO,Taney,13.3,13.8
29215,MO,Texas,15.8,18.5
29217,MO,Vernon,14.3,16.6
29219,MO,Warren,12.3,12.7
29221,MO,Washington,14.8,18.6
29223,MO,Wayne,17.4,19.7
29225,MO,Webster,12.2,14.7
29227,MO,Worth,15.5,14.6
29229,MO,Wright,15.5,19.4
29510,MO,St. Louis,13.3,19.6
30001,MT,Beaverhead,10.5,11.5
30003,MT,Big Horn,15.1,29.2
30005,MT,Blaine,14.3,22.6
30007,MT,Broadwater,10.4,10.3
30009,MT,Carbon,11.8,9.9
30011,MT,Carter,12.3,11.6
30013,MT,Cascade,10.4,12.8
30015,MT,Chouteau,12.2,14.8
30017,MT,Custer,10.5,11.6
30019,MT,Daniels,11.2,10.5
30021,MT,Dawson,10.1,10.2
30023,MT,Deer Lodge,12.9,14.1
30025,MT,Fallon,10.2,11.1
30027,MT,Fergus,11.4,11.8
30029,MT,Flathead,9.3,10.1
30031,MT,Gallatin,6.7,8.5
30033,MT,Garfield,11.5,11.4
30035,MT,Glacier,15.5,32.0
30037,MT,Golden Valley,14.7,13.9
30039,MT,Granite,12.3,11.4
30041,MT,Hill,12.1,18.2
30043,MT,Jefferson,10.3,9.3
30045,MT,Judith Basin,12.9,12.1
30047,MT,Lake,12.2,15.0
30049,MT,Lewis and Clark,9.3,9.5
30051,MT,Liberty,13.1,16.6
30053,MT,Lincoln,14.0,13.7
30055,MT,McCone,11.1,9.2
30057,MT,Madison,10.6,9.0
30059,MT,Meagher,12.5,10.3
30061,MT,Mineral,12.8,12.4
30063,MT,Missoula,8.3,9.8
30065,MT,Musselshell,12.7,12.9
30067,MT,Park,10.5,10.1
30069,MT,Petroleum,12.4,10.1
30071,MT,Phillips,12.0,12.3
30073,MT,Pondera,13.6,18.2
30075,MT,Powder River,11.9,10.1
30077,MT,Powell,11.3,13.3
30079,MT,Prairie,16.2,15.2
30081,MT,Ravalli,10.4,9.6
30083,MT,Richland,9.2,10.1
30085,MT,Roosevelt,14.1,27.9
30087,MT,Rosebud,13.6,21.9
30089,MT,Sanders,13.7,13.6
30091,MT,Sheridan,11.5,11.7
30093,MT,Silver Bow,10.2,13.1
30095,MT,Stillwater,10.8,9.5
30097,MT,Sweet Grass,10.9,9.7
30099,MT,Teton,11.0,11.5
30101,MT,Toole,11.5,16.9
30103,MT,Treasure,12.5,10.4
30105,MT,Valley,11.6,12.2
30107,MT,Wheatland,13.0,15.2
30109,MT,Wibaux,11.6,11.8
30111,MT,Yellowstone,9.5,11.4
31001,NE,Adams,11.8,12.4
31003,NE,Antelope,12.9,11.0
31005,NE,Arthur,12.1,10.5
31007,NE,Banner,13.1,10.4
31009,NE,Blaine,13.3,11.6
31011,NE,Boone,12.7,11.4
31013,NE,Box Butte,13.0,13.6
31015,NE,Boyd,14.8,11.5
31017,NE,Brown,13.2,12.7
31019,NE,Buffalo,9.6,11.7
31021,NE,Burt,13.1,12.0
31023,NE,Butler,11.3,10.8
31025,NE,Cass,10.8,9.6
31027,NE,Cedar,11.3,9.5
31029,NE,Chase,12.7,12.6
31031,NE,Cherry,13.1,12.4
31033,NE,Cheyenne,12.9,12.7
31035,NE,Clay,11.8,11.7
31037,NE,Colfax,13.2,19.0
31039,NE,Cuming,12.1,12.1
31041,NE,Custer,12.2,10.8
31043,NE,Dakota,12.8,19.3
31045,NE,Dawes,10.6,11.2
31047,NE,Dawson,13.5,18.9
31049,NE,Deuel,14.2,11.7
31051,NE,Dixon,13.2,13.8
31053,NE,Dodge,11.9,13.7
31055,NE,Douglas,9.8,13.1
31057,NE,Dundy,14.2,11.8
31059,NE,Fillmore,12.3,10.3
31061,NE,Franklin,14.2,12.6
31063,NE,Frontier,11.9,10.3
31065,NE,Furnas,13.5,12.6
31067,NE,Gage,12.6,11.9
31069,NE,Garden,15.5,13.1
31071,NE,Garfield,12.3,9.2
31073,NE,Gosper,12.4,10.2
31075,NE,Grant,12.1,9.5
31077,NE,Greeley,12.6,11.2
31079,NE,Hall,12.0,17.5
31081,NE,Hamilton,10.5,9.5
31083,NE,Harlan,13.0,10.5
31085,NE,Hayes,14.1,11.7
31087,NE,Hitchcock,13.4,11.9
31089,NE,Holt,12.9,11.6
31091,NE,Hooker,13.3,11.1
31093,NE,Howard,11.5,10.0
31095,NE,Jefferson,13.4,11.4
31097,NE,Johnson,11.6,14.0
31099,NE,Kearney,10.8,9.2
31101,NE,Keith,13.2,11.2
31103,NE,Keya Paha,14.2,11.0
31105,NE,Kimball,15.2,15.1
31107,NE,Knox,14.1,13.5
31109,NE,Lancaster,9.6,11.2
31111,NE,Lincoln,12.9,13.5
31113,NE,Logan,12.0,8.8
31115,NE,Loup,13.5,9.3
31117,NE,McPherson,13.3,9.9
31119,NE,Madison,11.8,13.6
31121,NE,Merrick,11.7,11.6
31123,NE,Morrill,13.3,15.1
31125,NE,Nance,12.7,13.1
31127,NE,Nemaha,11.7,12.7
31129,NE,Nuckolls,12.7,10.4
31131,NE,Otoe,11.9,11.1
31133,NE,Pawnee,14.4,13.1
31135,NE,Perkins,11.9,10.9
31137,NE,Phelps,11.5,11.8
31139,NE,Pierce,10.9,10.1
31141,NE,Platte,11.9,13.0
31143,NE,Polk,12.0,10.4
31145,NE,Red Willow,12.1,12.4
31147,NE,Richardson,14.0,12.0
31149,NE,Rock,12.5,10.1
31151,NE,Saline,11.8,15.6
31153,NE,Sarpy,9.4,9.4
31155,NE,Saunders,10.5,9.3
31157,NE,Scotts Bluff,13.0,15.2
31159,NE,Seward,9.5,9.3
31161,NE,Sheridan,13.9,13.4
31163,NE,Sherman,13.7,12.1
31165,NE,Sioux,16.0,14.6
31167,NE,Stanton,11.5,10.4
31169,NE,Thayer,13.2,12.0
31171,NE,Thomas,11.3,9.2
31173,NE,Thurston,13.4,23.5
31175,NE,Valley,12.9,11.6
31177,NE,Washington,10.7,8.9
31179,NE,Wayne,9.7,11.8
31181,NE,Webster,12.9,11.8
31183,NE,Wheeler,13.2,9.1
31185,NE,York,11.2,11.9
32001,NV,Churchill,11.7,15.4
32003,NV,Clark,12.4,19.1
32005,NV,Douglas,12.2,10.1
32007,NV,Elko,11.0,17.4
32009,NV,Esmeralda,17.7,20.3
32011,NV,Eureka,16.1,21.5
32013,NV,Humboldt,11.5,17.0
32015,NV,Lander,13.0,18.9
32017,NV,Lincoln,11.8,12.1
32019,NV,Lyon,12.3,15.4
32021,NV,Mineral,17.6,23.7
32023,NV,Nye,15.7,17.6
32027,NV,Pershing,12.1,16.5
32029,NV,Storey,12.4,9.9
32031,NV,Washoe,10.0,14.6
32033,NV,White Pine,12.6,16.9
32510,NV,Carson City,12.1,15.3
33001,NH,Belknap,10.5,9.3
33003,NH,Carroll,10.7,8.4
33005,NH,Cheshire,9.5,9.9
33007,NH,Coos,13.0,13.1
33009,NH,Grafton,9.3,9.4
33011,NH,Hillsborough,9.2,9.9
33013,NH,Merrimack,9.1,9.3
33015,NH,Rockingham,9.1,8.2
33017,NH,Strafford,8.6,10.0
33019,NH,Sullivan,11.2,11.3
34001,NJ,Atlantic,12.7,16.2
34003,NJ,Bergen,9.7,10.7
34005,NJ,Burlington,10.5,11.4
34007,NJ,Camden,11.4,16.4
34009,NJ,Cape May,11.7,10.1
34011,NJ,Cumberland,13.5,23.9
34013,NJ,Essex,12.0,21.2
34015,NJ,Gloucester,10.3,11.7
34017,NJ,Hudson,10.5,18.4
34019,NJ,Hunterdon,9.2,7.7
34021,NJ,Mercer,11.1,15.2
34023,NJ,Middlesex,11.6,13.7
34025,NJ,Monmouth,9.8,9.2
34027,NJ,Morris,9.0,8.4
34029,NJ,Ocean,11.4,11.9
34031,NJ,Passaic,12.7,22.4
34033,NJ,Salem,11.9,15.6
34035,NJ,Somerset,10.1,10.3
34037,NJ,Sussex,9.5,9.7
34039,NJ,Union,11.6,17.3
34041,NJ,Warren,10.0,11.4
35001,NM,Bernalillo,11.6,18.0
35003,NM,Catron,17.7,15.3
35005,NM,Chaves,14.3,25.4
35006,NM,Cibola,16.6,28.6
35007,NM,Colfax,15.5,18.7
35009,NM,Curry,12.0,24.0
35011,NM,De Baca,15.3,17.9
35013,NM,DoÃ±a Ana,13.7,24.5
35015,NM,Eddy,11.6,19.3
35017,NM,Grant,15.9,19.2
35019,NM,Guadalupe,16.5,27.8
35021,NM,Harding,19.6,20.0
35023,NM,Hidalgo,16.4,24.1
35025,NM,Lea,12.0,26.4
35027,NM,Lincoln,14.4,15.1
35028,NM,Los Alamos,8.0,6.6
35029,NM,Luna,17.7,32.9
35031,NM,McKinley,19.0,42.6
35033,NM,Mora,18.5,20.7
35035,NM,Otero,12.7,22.3
35037,NM,Quay,17.2,23.6
35039,NM,Rio Arriba,17.2,25.7
35041,NM,Roosevelt,11.5,21.8
35043,NM,Sandoval,11.8,15.6
35045,NM,San Juan,14.5,26.4
35047,NM,San Miguel,17.1,24.0
35049,NM,Santa Fe,12.6,14.0
35051,NM,Sierra,18.2,19.6
35053,NM,Socorro,15.7,25.5
35055,NM,Taos,15.2,16.5
35057,NM,Torrance,16.5,24.6
35059,NM,Union,14.7,21.1
35061,NM,Valencia,14.6,23.1
36001,NY,Albany,9.2,12.2
36003,NY,Allegany,11.1,13.9
36005,NY,Bronx,16.1,37.0
36007,NY,Broome,10.9,14.6
36009,NY,Cattaraugus,12.1,16.2
36011,NY,Cayuga,11.8,14.8
36013,NY,Chautauqua,12.6,16.1
36015,NY,Chemung,11.5,14.9
36017,NY,Chenango,12.3,14.8
36019,NY,Clinton,10.7,13.9
36021,NY,Columbia,11.8,11.7
36023,NY,Cortland,9.3,12.9
36025,NY,Delaware,12.5,14.3
36027,NY,Dutchess,9.9,12.2
36029,NY,Erie,10.8,13.5
36031,NY,Essex,11.8,11.8
36033,NY,Franklin,12.2,16.4
36035,NY,Fulton,12.1,15.7
36037,NY,Genesee,10.7,12.6
36039,NY,Greene,11.7,13.3
36041,NY,Hamilton,13.4,11.5
36043,NY,Herkimer,11.3,13.1
36045,NY,Jefferson,10.0,14.5
36047,NY,Kings,12.0,23.4
36049,NY,Lewis,11.8,13.7
36051,NY,Livingston,10.1,12.1
36053,NY,Madison,10.3,11.5
36055,NY,Monroe,11.2,13.3
36057,NY,Montgomery,11.5,17.4
36059,NY,Nassau,10.1,11.2
36061,NY,New York,8.9,14.7
36063,NY,Niagara,11.3,13.4
36065,NY,Oneida,11.5,14.8
36067,NY,Onondaga,10.9,13.5
36069,NY,Ontario,10.5,10.8
36071,NY,Orange,11.2,16.3
36073,NY,Orleans,11.7,15.9
36075,NY,Oswego,11.2,14.5
36077,NY,Otsego,10.2,12.8
36079,NY,Putnam,9.7,10.4
36081,NY,Queens,14.3,22.0
36083,NY,Rensselaer,9.9,12.3
36085,NY,Richmond,11.9,15.7
36087,NY,Rockland,11.3,16.0
36089,NY,St. Lawrence,11.9,14.9
36091,NY,Saratoga,9.6,9.1
36093,NY,Schenectady,10.2,14.0
36095,NY,Schoharie,11.3,12.2
36097,NY,Schuyler,12.4,13.9
36099,NY,Seneca,11.6,15.1
36101,NY,Steuben,11.5,13.5
36103,NY,Suffolk,10.0,12.5
36105,NY,Sullivan,12.1,16.6
36107,NY,Tioga,11.3,12.7
36109,NY,Tompkins,7.6,10.7
36111,NY,Ulster,10.9,12.7
36113,NY,Warren,11.2,10.9
36115,NY,Washington,11.2,12.9
36117,NY,Wayne,11.2,13.1
36119,NY,Westchester,10.5,12.4
36121,NY,Wyoming,11.2,14.2
36123,NY,Yates,11.6,14.4
37001,NC,Alamance,12.2,16.4
37003,NC,Alexander,12.7,14.8
37005,NC,Alleghany,16.0,16.4
37007,NC,Anson,17.2,27.0
37009,NC,Ashe,14.0,13.1
37011,NC,Avery,12.9,13.9
37013,NC,Beaufort,15.6,17.4
37015,NC,Bertie,19.3,26.7
37017,NC,Bladen,16.6,20.8
37019,NC,Brunswick,13.5,10.1
37021,NC,Buncombe,10.9,11.4
37023,NC,Burke,13.8,16.2
37025,NC,Cabarrus,10.8,13.5
37027,NC,Caldwell,13.2,15.5
37029,NC,Camden,10.7,10.6
37031,NC,Carteret,12.5,10.1
37033,NC,Caswell,15.5,19.1
37035,NC,Catawba,12.1,14.3
37037,NC,Chatham,12.9,11.3
37039,NC,Cherokee,15.2,13.0
37041,NC,Chowan,17.0,19.5
37043,NC,Clay,14.3,11.0
37045,NC,Cleveland,13.6,17.6
37047,NC,Columbus,15.6,21.5
37049,NC,Craven,12.5,14.8
37051,NC,Cumberland,12.2,20.3
37053,NC,Currituck,10.7,10.2
37055,NC,Dare,11.2,8.6
37057,NC,Davidson,12.7,15.6
37059,NC,Davie,12.1,11.7
37061,NC,Duplin,15.5,21.4
37063,NC,Durham,10.5,14.2
37065,NC,Edgecombe,17.9,26.2
37067,NC,Forsyth,12.4,16.1
37069,NC,Franklin,12.8,16.4
37071,NC,Gaston,12.3,16.1
37073,NC,Gates,15.8,17.9
37075,NC,Graham,13.1,13.2
37077,NC,Granville,13.6,18.0
37079,NC,Greene,15.9,26.1
37081,NC,Guilford,12.2,16.9
37083,NC,Halifax,19.4,29.1
37085,NC,Harnett,11.8,17.2
37087,NC,Haywood,12.4,11.7
37089,NC,Henderson,12.5,11.4
37091,NC,Hertford,18.9,26.8
37093,NC,Hoke,13.3,22.6
37095,NC,Hyde,17.0,21.8
37097,NC,Iredell,10.7,12.1
37099,NC,Jackson,12.1,14.5
37101,NC,Johnston,11.6,15.2
37103,NC,Jones,17.0,20.9
37105,NC,Lee,13.5,18.4
37107,NC,Lenoir,17.8,25.6
37109,NC,Lincoln,11.5,11.9
37111,NC,McDowell,13.0,15.0
37113,NC,Macon,14.2,13.3
37115,NC,Madison,11.6,11.4
37117,NC,Martin,17.8,22.0
37119,NC,Mecklenburg,10.1,14.6
37121,NC,Mitchell,12.8,11.7
37123,NC,Montgomery,15.1,18.8
37125,NC,Moore,11.5,10.5
37127,NC,Nash,15.0,20.1
37129,NC,New Hanover,10.6,11.2
37131,NC,Northampton,20.3,23.9
37133,NC,Onslow,8.6,15.6
37135,NC,Orange,9.3,9.9
37137,NC,Pamlico,15.2,13.5
37139,NC,Pasquotank,13.0,16.6
37141,NC,Pender,11.8,12.9
37143,NC,Perquimans,15.3,15.0
37145,NC,Person,14.9,17.8
37147,NC,Pitt,12.0,18.3
37149,NC,Polk,14.1,11.0
37151,NC,Randolph,13.2,17.0
37153,NC,Richmond,16.4,24.8
37155,NC,Robeson,18.4,30.3
37157,NC,Rockingham,14.5,17.8
37159,NC,Rowan,12.7,16.6
37161,NC,Rutherford,14.4,16.8
37163,NC,Sampson,15.6,22.3
37165,NC,Scotland,17.4,28.3
37167,NC,Stanly,12.7,15.4
37169,NC,Stokes,13.2,13.4
37171,NC,Surry,13.7,16.8
37173,NC,Swain,15.2,20.6
37175,NC,Transylvania,12.9,9.9
37177,NC,Tyrrell,17.5,22.0
37179,NC,Union,10.5,12.0
37181,NC,Vance,16.8,24.8
37183,NC,Wake,9.5,10.3
37185,NC,Warren,20.0,25.7
37187,NC,Washington,20.6,25.8
37189,NC,Watauga,9.8,13.1
37191,NC,Wayne,14.2,20.9
37193,NC,Wilkes,13.9,16.1
37195,NC,Wilson,16.8,24.9
37197,NC,Yadkin,13.3,15.2
37199,NC,Yancey,13.7,13.5
38001,ND,Adams,14.1,12.0
38003,ND,Barnes,11.5,9.9
38005,ND,Benson,15.4,23.5
38007,ND,Billings,12.1,10.0
38009,ND,Bottineau,11.9,9.7
38011,ND,Bowman,11.4,9.9
38013,ND,Burke,11.1,8.7
38015,ND,Burleigh,9.3,8.5
38017,ND,Cass,7.9,9.4
38019,ND,Cavalier,11.8,8.5
38021,ND,Dickey,11.2,10.6
38023,ND,Divide,12.6,10.4
38025,ND,Dunn,11.5,11.3
38027,ND,Eddy,13.5,13.3
38029,ND,Emmons,13.5,10.8
38031,ND,Foster,11.8,9.3
38033,ND,Golden Valley,13.7,11.5
38035,ND,Grand Forks,9.1,10.7
38037,ND,Grant,15.2,12.6
38039,ND,Griggs,12.3,8.8
38041,ND,Hettinger,11.7,10.5
38043,ND,Kidder,12.8,10.2
38045,ND,LaMoure,12.5,9.8
38047,ND,Logan,13.2,11.7
38049,ND,McHenry,11.9,10.7
38051,ND,McIntosh,14.4,12.2
38053,ND,McKenzie,9.6,13.2
38055,ND,McLean,12.1,9.1
38057,ND,Mercer,12.2,11.2
38059,ND,Morton,9.6,9.9
38061,ND,Mountrail,12.8,17.9
38063,ND,Nelson,12.4,9.2
38065,ND,Oliver,11.7,8.5
38067,ND,Pembina,12.8,10.9
38069,ND,Pierce,12.1,10.7
38071,ND,Ramsey,12.3,12.3
38073,ND,Ransom,12.1,10.9
38075,ND,Renville,11.1,9.8
38077,ND,Richland,10.5,10.2
38079,ND,Rolette,17.9,30.5
38081,ND,Sargent,11.8,9.9
38083,ND,Sheridan,13.9,9.8
38085,ND,Sioux,20.2,42.7
38087,ND,Slope,14.6,10.6
38089,ND,Stark,9.5,11.4
38091,ND,Steele,12.7,10.2
38093,ND,Stutsman,10.9,11.4
38095,ND,Towner,15.0,13.4
38097,ND,Traill,10.5,8.9
38099,ND,Walsh,12.4,12.3
38101,ND,Ward,8.8,10.3
38103,ND,Wells,13.8,10.9
38105,ND,Williams,8.9,13.2
39001,OH,Adams,15.7,18.0
39003,OH,Allen,14.5,14.8
39005,OH,Ashland,13.9,13.7
39007,OH,Ashtabula,16.2,17.6
39009,OH,Athens,11.5,14.9
39011,OH,Auglaize,12.2,10.7
39013,OH,Belmont,14.5,13.9
39015,OH,Brown,14.5,15.6
39017,OH,Butler,12.5,13.5
39019,OH,Carroll,14.9,14.0
39021,OH,Champaign,12.7,11.9
39023,OH,Clark,15.0,15.7
39025,OH,Clermont,12.6,11.2
39027,OH,Clinton,13.5,14.1
39029,OH,Columbiana,15.2,14.7
39031,OH,Coshocton,15.3,16.2
39033,OH,Crawford,14.6,14.6
39035,OH,Cuyahoga,13.4,16.7
39037,OH,Darke,14.3,13.6
39039,OH,Defiance,13.3,12.9
39041,OH,Delaware,10.1,7.5
39043,OH,Erie,14.4,12.8
39045,OH,Fairfield,12.2,11.7
39047,OH,Fayette,14.3,16.2
39049,OH,Franklin,11.8,15.5
39051,OH,Fulton,13.3,12.1
39053,OH,Gallia,15.3,16.5
39055,OH,Geauga,12.4,9.0
39057,OH,Greene,11.2,10.3
39059,OH,Guernsey,14.8,15.5
39061,OH,Hamilton,13.2,14.6
39063,OH,Hancock,12.5,11.3
39065,OH,Hardin,12.9,15.3
39067,OH,Harrison,15.6,14.5
39069,OH,Henry,13.1,12.3
39071,OH,Highland,14.7,15.2
39073,OH,Hocking,15.7,15.9
39075,OH,Holmes,12.7,18.5
39077,OH,Huron,13.5,13.6
39079,OH,Jackson,14.9,16.3
39081,OH,Jefferson,15.1,14.4
39083,OH,Knox,12.6,12.2
39085,OH,Lake,12.9,10.7
39087,OH,Lawrence,15.1,16.1
39089,OH,Licking,12.9,11.7
39091,OH,Logan,14.0,13.0
39093,OH,Lorain,14.2,13.7
39095,OH,Lucas,14.0,17.0
39097,OH,Madison,12.4,12.9
39099,OH,Mahoning,14.8,15.9
39101,OH,Marion,14.8,16.1
39103,OH,Medina,11.9,9.0
39105,OH,Meigs,17.3,18.7
39107,OH,Mercer,12.1,10.8
39109,OH,Miami,12.7,11.3
39111,OH,Monroe,16.1,15.5
39113,OH,Montgomery,14.5,15.1
39115,OH,Morgan,16.0,15.5
39117,OH,Morrow,13.8,12.7
39119,OH,Muskingum,14.4,14.3
39121,OH,Noble,18.0,13.6
39123,OH,Ottawa,13.8,9.7
39125,OH,Paulding,14.1,13.4
39127,OH,Perry,14.3,14.8
39129,OH,Pickaway,12.6,13.7
39131,OH,Pike,16.2,19.4
39133,OH,Portage,11.8,12.0
39135,OH,Preble,13.4,12.1
39137,OH,Putnam,12.3,10.1
39139,OH,Richland,14.5,15.5
39141,OH,Ross,15.0,16.3
39143,OH,Sandusky,14.4,13.9
39145,OH,Scioto,15.3,18.3
39147,OH,Seneca,13.2,12.8
39149,OH,Shelby,13.3,13.1
39151,OH,Stark,13.7,13.2
39153,OH,Summit,13.7,13.7
39155,OH,Trumbull,15.5,16.1
39157,OH,Tuscarawas,13.6,14.3
39159,OH,Union,10.2,9.5
39161,OH,Van Wert,13.2,12.2
39163,OH,Vinton,15.4,17.0
39165,OH,Warren,11.0,9.0
39167,OH,Washington,13.8,12.6
39169,OH,Wayne,12.9,13.0
39171,OH,Williams,14.4,13.9
39173,OH,Wood,10.7,11.2
39175,OH,Wyandot,13.0,11.1
40001,OK,Adair,17.5,30.4
40003,OK,Alfalfa,13.5,15.7
40005,OK,Atoka,14.6,22.0
40007,OK,Beaver,13.9,17.8
40009,OK,Beckham,13.3,22.2
40011,OK,Blaine,14.3,17.9
40013,OK,Bryan,13.4,20.3
40015,OK,Caddo,14.9,24.7
40017,OK,Canadian,10.4,13.7
40019,OK,Carter,13.7,19.5
40021,OK,Cherokee,14.3,22.1
40023,OK,Choctaw,17.2,24.5
40025,OK,Cimarron,13.7,14.0
40027,OK,Cleveland,10.9,15.2
40029,OK,Coal,17.2,25.3
40031,OK,Comanche,12.8,21.2
40033,OK,Cotton,15.4,19.6
40035,OK,Craig,15.9,23.7
40037,OK,Creek,13.4,17.2
40039,OK,Custer,11.8,18.7
40041,OK,Delaware,16.7,21.1
40043,OK,Dewey,13.5,16.6
40045,OK,Ellis,14.1,15.1
40047,OK,Garfield,12.6,17.8
40049,OK,Garvin,14.1,19.8
40051,OK,Grady,12.0,15.3
40053,OK,Grant,13.5,15.0
40055,OK,Greer,13.0,18.3
40057,OK,Harmon,17.0,24.0
40059,OK,Harper,14.0,17.4
40061,OK,Haskell,15.4,21.3
40063,OK,Hughes,15.1,24.2
40065,OK,Jackson,13.2,19.9
40067,OK,Jefferson,16.3,22.0
40069,OK,Johnston,15.3,22.5
40071,OK,Kay,14.1,18.9
40073,OK,Kingfisher,11.9,15.7
40075,OK,Kiowa,16.6,21.9
40077,OK,Latimer,17.0,24.9
40079,OK,Le Flore,15.1,22.6
40081,OK,Lincoln,14.1,18.2
40083,OK,Logan,12.0,14.9
40085,OK,Love,14.4,20.0
40087,OK,McClain,11.3,14.2
40089,OK,McCurtain,15.5,23.9
40091,OK,McIntosh,17.7,22.7
40093,OK,Major,13.3,15.3
40095,OK,Marshall,15.7,20.6
40097,OK,Mayes,14.6,20.7
40099,OK,Murray,14.3,18.0
40101,OK,Muskogee,15.2,23.6
40103,OK,Noble,13.3,15.3
40105,OK,Nowata,15.2,20.2
40107,OK,Okfuskee,17.3,27.5
40109,OK,Oklahoma,12.6,18.7
40111,OK,Okmulgee,15.4,21.8
40113,OK,Osage,14.4,18.2
40115,OK,Ottawa,15.2,22.8
40117,OK,Pawnee,14.3,18.6
40119,OK,Payne,9.8,17.4
40121,OK,Pittsburg,14.3,20.0
40123,OK,Pontotoc,12.3,17.0
40125,OK,Pottawatomie,13.0,18.7
40127,OK,Pushmataha,17.7,24.1
40129,OK,Roger Mills,14.6,16.5
40131,OK,Rogers,12.4,14.6
40133,OK,Seminole,16.1,25.4
40135,OK,Sequoyah,16.6,24.7
40137,OK,Stephens,14.2,18.6
40139,OK,Texas,13.7,25.4
40141,OK,Tillman,16.2,21.6
40143,OK,Tulsa,11.7,18.0
40145,OK,Wagoner,11.9,14.8
40147,OK,Washington,13.2,16.7
40149,OK,Washita,13.4,16.6
40151,OK,Woods,11.1,15.3
40153,OK,Woodward,12.1,17.1
41001,OR,Baker,13.6,14.8
41003,OR,Benton,9.3,14.8
41005,OR,Clackamas,10.5,14.8
41007,OR,Clatsop,12.6,14.8
41009,OR,Columbia,12.1,14.8
41011,OR,Coos,14.2,14.8
41013,OR,Crook,12.5,14.8
41015,OR,Curry,15.7,14.8
41017,OR,Deschutes,10.2,14.8
41019,OR,Douglas,14.3,14.8
41021,OR,Gilliam,14.8,14.8
41023,OR,Grant,14.6,14.8
41025,OR,Harney,15.0,14.8
41027,OR,Hood River,11.3,14.8
41029,OR,Jackson,12.7,14.8
41031,OR,Jefferson,13.4,14.8
41033,OR,Josephine,14.8,14.8
41035,OR,Klamath,14.1,14.8
41037,OR,Lake,14.7,14.8
41039,OR,Lane,10.8,14.8
41041,OR,Lincoln,14.9,14.8
41043,OR,Linn,12.0,14.8
41045,OR,Malheur,13.9,14.8
41047,OR,Marion,12.5,14.8
41049,OR,Morrow,14.5,14.8
41051,OR,Multnomah,9.5,14.8
41053,OR,Polk,10.9,14.8
41055,OR,Sherman,14.2,14.8
41057,OR,Tillamook,13.5,14.8
41059,OR,Umatilla,12.5,14.8
41061,OR,Union,12.2,14.8
41063,OR,Wallowa,12.6,14.8
41065,OR,Wasco,13.3,14.8
41067,OR,Washington,9.9,14.8
41069,OR,Wheeler,16.5,14.8
41071,OR,Yamhill,11.2,14.8
44001,RI,Bristol,9.8,8.3
44003,RI,Kent,11.8,11.1
44005,RI,Newport,10.3,8.7
44007,RI,Providence,11.6,19.0
44009,RI,Washington,9.0,8.4
45001,SC,Abbeville,16.9,20.6
45003,SC,Aiken,13.9,16.4
45005,SC,Allendale,21.6,34.6
45007,SC,Anderson,13.3,17.0
45009,SC,Bamberg,19.5,27.6
45011,SC,Barnwell,19.4,30.5
45013,SC,Beaufort,12.7,12.2
45015,SC,Berkeley,12.9,16.7
45017,SC,Calhoun,17.3,19.6
45019,SC,Charleston,11.4,12.5
45021,SC,Cherokee,15.0,21.5
45023,SC,Chester,16.9,24.2
45025,SC,Chesterfield,18.1,26.7
45027,SC,Clarendon,19.6,26.0
45029,SC,Colleton,17.3,24.7
45031,SC,Darlington,17.6,24.6
45033,SC,Dillon,20.3,33.8
45035,SC,Dorchester,12.8,15.6
45037,SC,Edgefield,16.2,21.9
45039,SC,Fairfield,20.5,26.9
45041,SC,Florence,15.5,21.7
45043,SC,Georgetown,16.9,14.4
45045,SC,Greenville,12.2,14.8
45047,SC,Greenwood,15.4,21.3
45049,SC,Hampton,20.2,30.2
45051,SC,Horry,14.9,14.8
45053,SC,Jasper,17.0,21.1
45055,SC,Kershaw,14.8,18.4
45057,SC,Lancaster,14.1,15.8
45059,SC,Laurens,15.6,21.2
45061,SC,Lee,20.1,31.6
45063,SC,Lexington,12.3,14.7
45065,SC,McCormick,20.6,18.6
45067,SC,Marion,22.0,33.4
45069,SC,Marlboro,20.5,33.5
45071,SC,Newberry,16.1,19.9
45073,SC,Oconee,15.3,16.1
45075,SC,Orangeburg,19.0,29.4
45077,SC,Pickens,12.1,17.0
45079,SC,Richland,13.0,18.1
45081,SC,Saluda,16.8,21.5
45083,SC,Spartanburg,13.5,18.3
45085,SC,Sumter,15.8,23.0
45087,SC,Union,19.1,26.3
45089,SC,Williamsburg,20.4,30.1
45091,SC,York,11.8,14.0
46003,SD,Aurora,12.2,14.8
46005,SD,Beadle,13.4,14.8
46007,SD,Bennett,18.7,14.8
46009,SD,Bon Homme,12.8,14.8
46011,SD,Brookings,8.5,14.8
46013,SD,Brown,11.2,14.8
46015,SD,Brule,13.2,14.8
46017,SD,Buffalo,17.5,14.8
46019,SD,Butte,12.5,14.8
46021,SD,Campbell,13.8,14.8
46023,SD,Charles Mix,15.3,14.8
46025,SD,Clark,13.1,14.8
46027,SD,Clay,8.1,14.8
46029,SD,Codington,12.1,14.8
46031,SD,Corson,19.9,14.8
46033,SD,Custer,13.9,14.8
46035,SD,Davison,12.2,14.8
46037,SD,Day,14.7,14.8
46039,SD,Deuel,11.9,14.8
46041,SD,Dewey,18.0,14.8
46043,SD,Douglas,13.6,14.8
46045,SD,Edmunds,12.4,14.8
46047,SD,Fall River,16.4,14.8
46049,SD,Faulk,14.4,14.8
46051,SD,Grant,12.8,14.8
46053,SD,Gregory,14.1,14.8
46055,SD,Haakon,13.5,14.8
46057,SD,Hamlin,10.1,14.8
46059,SD,Hand,11.9,14.8
46061,SD,Hanson,12.1,14.8
46063,SD,Harding,11.2,14.8
46065,SD,Hughes,10.8,14.8
46067,SD,Hutchinson,12.1,14.8
46069,SD,Hyde,13.6,14.8
46071,SD,Jackson,18.6,14.8
46073,SD,Jerauld,13.8,14.8
46075,SD,Jones,14.7,14.8
46077,SD,Kingsbury,12.1,14.8
46079,SD,Lake,12.0,14.8
46081,SD,Lawrence,11.4,14.8
46083,SD,Lincoln,8.8,14.8
46085,SD,Lyman,15.8,14.8
46087,SD,McCook,11.0,14.8
46089,SD,McPherson,14.8,14.8
46091,SD,Marshall,12.7,14.8
46093,SD,Meade,9.5,14.8
46095,SD,Mellette,21.1,14.8
46097,SD,Miner,13.3,14.8
46099,SD,Minnehaha,10.6,14.8
46101,SD,Moody,12.1,14.8
46102,SD,Oglala Lakota,21.1,14.8
46103,SD,Pennington,12.1,14.8
46105,SD,Perkins,14.3,14.8
46107,SD,Potter,13.1,14.8
46109,SD,Roberts,16.3,14.8
46111,SD,Sanborn,12.6,14.8
46115,SD,Spink,12.9,14.8
46117,SD,Stanley,11.1,14.8
46119,SD,Sully,12.5,14.8
46121,SD,Todd,20.7,14.8
46123,SD,Tripp,15.3,14.8
46125,SD,Turner,11.8,14.8
46127,SD,Union,10.6,14.8
46129,SD,Walworth,13.4,14.8
46135,SD,Yankton,11.8,14.8
46137,SD,Ziebach,18.7,14.8
47001,TN,Anderson,14.1,14.8
47003,TN,Bedford,13.5,14.8
47005,TN,Benton,16.9,14.8
47007,TN,Bledsoe,17.3,14.8
47009,TN,Blount,13.4,14.8
47011,TN,Bradley,13.4,14.8
47013,TN,Campbell,15.7,14.8
47015,TN,Cannon,14.5,14.8
47017,TN,Carroll,15.2,14.8
47019,TN,Carter,15.9,14.8
47021,TN,Cheatham,12.4,14.8
47023,TN,Chester,13.9,14.8
47025,TN,Claiborne,15.0,14.8
47027,TN,Clay,17.8,14.8
47029,TN,Cocke,17.2,14.8
47031,TN,Coffee,13.9,14.8
47033,TN,Crockett,15.5,14.8
47035,TN,Cumberland,17.3,14.8
47037,TN,Davidson,11.2,14.8
47039,TN,Decatur,17.8,14.8
47041,TN,DeKalb,15.9,14.8
47043,TN,Dickson,12.7,14.8
47045,TN,Dyer,14.9,14.8
47047,TN,Fayette,15.9,14.8
47049,TN,Fentress,17.1,14.8
47051,TN,Franklin,13.9,14.8
47053,TN,Gibson,14.7,14.8
47055,TN,Giles,15.4,14.8
47057,TN,Grainger,15.7,14.8
47059,TN,Greene,15.4,14.8
47061,TN,Grundy,16.5,14.8
47063,TN,Hamblen,15.2,14.8
47065,TN,Hamilton,12.7,14.8
47067,TN,Hancock,20.3,14.8
47069,TN,Hardeman,17.2,14.8
47071,TN,Hardin,17.1,14.8
47073,TN,Hawkins,16.0,14.8
47075,TN,Haywood,20.7,14.8
47077,TN,Henderson,15.4,14.8
47079,TN,Henry,16.9,14.8
47081,TN,Hickman,14.1,14.8
47083,TN,Houston,14.7,14.8
47085,TN,Humphreys,15.0,14.8
47087,TN,Jackson,17.0,14.8
47089,TN,Jefferson,13.6,14.8
47091,TN,Johnson,17.5,14.8
47093,TN,Knox,12.0,14.8
47095,TN,Lake,19.0,14.8
47097,TN,Lauderdale,17.2,14.8
47099,TN,Lawrence,14.9,14.8
47101,TN,Lewis,14.9,14.8
47103,TN,Lincoln,14.8,14.8
47105,TN,Loudon,15.1,14.8
47107,TN,McMinn,15.4,14.8
47109,TN,McNairy,16.2,14.8
47111,TN,Macon,14.6,14.8
47113,TN,Madison,16.2,14.8
47115,TN,Marion,16.2,14.8
47117,TN,Marshall,13.6,14.8
47119,TN,Maury,12.6,14.8
47121,TN,Meigs,15.9,14.8
47123,TN,Monroe,15.9,14.8
47125,TN,Montgomery,10.8,14.8
47127,TN,Moore,14.7,14.8
47129,TN,Morgan,14.8,14.8
47131,TN,Obion,16.2,14.8
47133,TN,Overton,15.7,14.8
47135,TN,Perry,16.4,14.8
47137,TN,Pickett,19.1,14.8
47139,TN,Polk,15.1,14.8
47141,TN,Putnam,12.4,14.8
47143,TN,Rhea,15.7,14.8
47145,TN,Roane,14.7,14.8
47147,TN,Robertson,12.7,14.8
47149,TN,Rutherford,10.9,14.8
47151,TN,Scott,16.6,14.8
47153,TN,Sequatchie,16.7,14.8
47155,TN,Sevier,14.4,14.8
47157,TN,Shelby,15.9,14.8
47159,TN,Smith,13.5,14.8
47161,TN,Stewart,14.0,14.8
47163,TN,Sullivan,15.2,14.8
47165,TN,Sumner,12.2,14.8
47167,TN,Tipton,14.2,14.8
47169,TN,Trousdale,11.7,14.8
47171,TN,Unicoi,16.5,14.8
47173,TN,Union,14.6,14.8
47175,TN,Van Buren,16.0,14.8
47177,TN,Warren,15.5,14.8
47179,TN,Washington,12.8,14.8
47181,TN,Wayne,15.4,14.8
47183,TN,Weakley,13.9,14.8
47185,TN,White,15.6,14.8
47187,TN,Williamson,10.0,14.8
47189,TN,Wilson,11.3,14.8
48001,TX,Anderson,13.9,14.8
48003,TX,Andrews,12.7,14.8
48005,TX,Angelina,14.9,14.8
48007,TX,Aransas,15.9,14.8
48009,TX,Archer,12.7,14.8
48011,TX,Armstrong,12.6,14.8
48013,TX,Atascosa,15.4,14.8
48015,TX,Austin,14.7,14.8
48017,TX,Bailey,15.5,14.8
48019,TX,Bandera,15.7,14.8
48021,TX,Bastrop,13.4,14.8
48023,TX,Baylor,14.9,14.8
48025,TX,Bee,13.9,14.8
48027,TX,Bell,12.6,14.8
48029,TX,Bexar,13.9,14.8
48031,TX,Blanco,13.1,14.8
48033,TX,Borden,13.2,14.8
48035,TX,Bosque,14.3,14.8
48037,TX,Bowie,13.8,14.8
48039,TX,Brazoria,12.0,14.8
48041,TX,Brazos,9.7,14.8
48043,TX,Brewster,12.8,14.8
48045,TX,Briscoe,17.5,14.8
48047,TX,Brooks,19.8,14.8
48049,TX,Brown,14.0,14.8
48051,TX,Burleson,14.0,14.8
48053,TX,Burnet,13.5,14.8
48055,TX,Caldwell,14.6,14.8
48057,TX,Calhoun,14.7,14.8
48059,TX,Callahan,13.2,14.8
48061,TX,Cameron,18.3,14.8
48063,TX,Camp,16.1,14.8
48065,TX,Carson,11.7,14.8
48067,TX,Cass,15.7,14.8
48069,TX,Castro,15.5,14.8
48071,TX,Chambers,10.8,14.8
48073,TX,Cherokee,14.7,14.8
48075,TX,Childress,12.0,14.8
48077,TX,Clay,13.2,14.8
48079,TX,Cochran,18.6,14.8
48081,TX,Coke,15.9,14.8
48083,TX,Coleman,15.4,14.8
48085,TX,Collin,9.5,14.8
48087,TX,Collingsworth,15.5,14.8
48089,TX,Colorado,14.9,14.8
48091,TX,Comal,11.2,14.8
48093,TX,Comanche,14.8,14.8
48095,TX,Concho,14.2,14.8
48097,TX,Cooke,13.0,14.8
48099,TX,Coryell,10.3,14.8
48101,TX,Cottle,18.8,14.8
48103,TX,Crane,15.0,14.8
48105,TX,Crockett,16.5,14.8
48107,TX,Crosby,17.1,14.8
48109,TX,Culberson,19.3,14.8
48111,TX,Dallam,14.7,14.8
48113,TX,Dallas,12.5,14.8
48115,TX,Dawson,15.3,14.8
48117,TX,Deaf Smith,16.4,14.8
48119,TX,Delta,13.7,14.8
48121,TX,Denton,9.9,14.8
48123,TX,DeWitt,16.0,14.8
48125,TX,Dickens,16.7,14.8
48127,TX,Dimmit,23.4,14.8
48129,TX,Donley,14.0,14.8
48131,TX,Duval,18.8,14.8
48133,TX,Eastland,14.1,14.8
48135,TX,Ector,12.8,14.8
48137,TX,Edwards,19.3,14.8
48139,TX,Ellis,11.6,14.8
48141,TX,El Paso,15.4,14.8
48143,TX,Erath,10.8,14.8
48145,TX,Falls,16.1,14.8
48147,TX,Fannin,13.2,14.8
48149,TX,Fayette,13.8,14.8
48151,TX,Fisher,14.5,14.8
48153,TX,Floyd,17.0,14.8
48155,TX,Foard,18.2,14.8
48157,TX,Fort Bend,12.0,14.8
48159,TX,Franklin,13.0,14.8
48161,TX,Freestone,14.7,14.8
48163,TX,Frio,15.3,14.8
48165,TX,Gaines,11.8,14.8
48167,TX,Galveston,12.3,14.8
48169,TX,Garza,14.9,14.8
48171,TX,Gillespie,13.6,14.8
48173,TX,Glasscock,10.9,14.8
48175,TX,Goliad,15.6,14.8
48177,TX,Gonzales,16.0,14.8
48179,TX,Gray,13.9,14.8
48181,TX,Grayson,12.5,14.8
48183,TX,Gregg,13.5,14.8
48185,TX,Grimes,14.4,14.8
48187,TX,Guadalupe,12.8,14.8
48189,TX,Hale,15.6,14.8
48191,TX,Hall,17.5,14.8
48193,TX,Hamilton,14.6,14.8
48195,TX,Hansford,13.6,14.8
48197,TX,Hardeman,15.2,14.8
48199,TX,Hardin,12.4,14.8
48201,TX,Harris,13.2,14.8
48203,TX,Harrison,13.8,14.8
48205,TX,Hartley,12.0,14.8
48207,TX,Haskell,14.9,14.8
48209,TX,Hays,10.2,14.8
48211,TX,Hemphill,11.6,14.8
48213,TX,Henderson,14.5,14.8
48215,TX,Hidalgo,17.4,14.8
48217,TX,Hill,14.2,14.8
48219,TX,Hockley,14.1,14.8
48221,TX,Hood,12.5,14.8
48223,TX,Hopkins,13.4,14.8
48225,TX,Houston,16.8,14.8
48227,TX,Howard,13.7,14.8
48229,TX,Hudspeth,14.3,14.8
48231,TX,Hunt,12.3,14.8
48233,TX,Hutchinson,12.9,14.8
48235,TX,Irion,13.4,14.8
48237,TX,Jack,13.4,14.8
48239,TX,Jackson,14.7,14.8
48241,TX,Jasper,16.3,14.8
48243,TX,Jeff Davis,21.2,14.8
48245,TX,Jefferson,15.6,14.8
48247,TX,Jim Hogg,22.8,14.8
48249,TX,Jim Wells,18.0,14.8
48251,TX,Johnson,11.9,14.8
48253,TX,Jones,13.0,14.8
48255,TX,Karnes,14.0,14.8
48257,TX,Kaufman,11.2,14.8
48259,TX,Kendall,11.1,14.8
48261,TX,Kenedy,18.5,14.8
48263,TX,Kent,12.9,14.8
48265,TX,Kerr,14.7,14.8
48267,TX,Kimble,16.6,14.8
48269,TX,King,16.8,14.8
48271,TX,Kinney,15.8,14.8
48273,TX,Kleberg,14.0,14.8
48275,TX,Knox,15.6,14.8
48277,TX,Lamar,14.3,14.8
48279,TX,Lamb,16.6,14.8
48281,TX,Lampasas,14.0,14.8
48283,TX,La Salle,15.5,14.8
48285,TX,Lavaca,14.6,14.8
48287,TX,Lee,15.4,14.8
48289,TX,Leon,15.3,14.8
48291,TX,Liberty,13.9,14.8
48293,TX,Limestone,16.1,14.8
48295,TX,Lipscomb,14.8,14.8
48297,TX,Live Oak,16.2,14.8
48299,TX,Llano,15.7,14.8
48303,TX,Lubbock,11.4,14.8
48305,TX,Lynn,15.2,14.8
48307,TX,McCulloch,15.5,14.8
48309,TX,McLennan,12.5,14.8
48311,TX,McMullen,17.8,14.8
48313,TX,Madison,13.1,14.8
48315,TX,Marion,18.1,14.8
48317,TX,Martin,12.1,14.8
48319,TX,Mason,14.4,14.8
48321,TX,Matagorda,16.4,14.8
48323,TX,Maverick,17.8,14.8
48325,TX,Medina,14.4,14.8
48327,TX,Menard,17.6,14.8
48329,TX,Midland,10.8,14.8
48331,TX,Milam,14.9,14.8
48333,TX,Mills,14.1,14.8
48335,TX,Mitchell,13.3,14.8
48337,TX,Montague,13.4,14.8
48339,TX,Montgomery,11.4,14.8
48341,TX,Moore,14.9,14.8
48343,TX,Morris,15.9,14.8
48345,TX,Motley,14.7,14.8
48347,TX,Nacogdoches,13.2,14.8
48349,TX,Navarro,15.3,14.8
48351,TX,Newton,18.6,14.8
48353,TX,Nolan,16.5,14.8
48355,TX,Nueces,15.8,14.8
48357,TX,Ochiltree,14.1,14.8
48359,TX,Oldham,13.3,14.8
48361,TX,Orange,12.4,14.8
48363,TX,Palo Pinto,14.4,14.8
48365,TX,Panola,13.8,14.8
48367,TX,Parker,10.7,14.8
48369,TX,Parmer,15.0,14.8
48371,TX,Pecos,16.5,14.8
48373,TX,Polk,15.4,14.8
48375,TX,Potter,15.3,14.8
48377,TX,Presidio,22.2,14.8
48379,TX,Rains,14.1,14.8
48381,TX,Randall,10.8,14.8
48383,TX,Reagan,14.5,14.8
48385,TX,Real,18.3,14.8
48387,TX,Red River,16.9,14.8
48389,TX,Reeves,17.6,14.8
48391,TX,Refugio,17.6,14.8
48393,TX,Roberts,11.6,14.8
48395,TX,Robertson,15.4,14.8
48397,TX,Rockwall,9.4,14.8
48399,TX,Runnels,14.7,14.8
48401,TX,Rusk,13.9,14.8
48403,TX,Sabine,16.6,14.8
48405,TX,San Augustine,20.9,14.8
48407,TX,San Jacinto,16.4,14.8
48409,TX,San Patricio,15.4,14.8
48411,TX,San Saba,14.2,14.8
48413,TX,Schleicher,14.8,14.8
48415,TX,Scurry,13.6,14.8
48417,TX,Shackelford,12.3,14.8
48419,TX,Shelby,16.4,14.8
48421,TX,Sherman,12.9,14.8
48423,TX,Smith,13.2,14.8
48425,TX,Somervell,12.3,14.8
48427,TX,Starr,20.0,14.8
48429,TX,Stephens,13.8,14.8
48431,TX,Sterling,10.5,14.8
48433,TX,Stonewall,15.8,14.8
48435,TX,Sutton,17.4,14.8
48437,TX,Swisher,16.6,14.8
48439,TX,Tarrant,11.7,14.8
48441,TX,Taylor,11.2,14.8
48443,TX,Terrell,15.0,14.8
48445,TX,Terry,16.4,14.8
48447,TX,Throckmorton,15.4,14.8
48449,TX,Titus,15.6,14.8
48451,TX,Tom Green,12.9,14.8
48453,TX,Travis,9.0,14.8
48455,TX,Trinity,16.4,14.8
48457,TX,Tyler,15.3,14.8
48459,TX,Upshur,13.9,14.8
48461,TX,Upton,16.6,14.8
48463,TX,Uvalde,15.7,14.8
48465,TX,Val Verde,15.6,14.8
48467,TX,Van Zandt,13.4,14.8
48469,TX,Victoria,14.5,14.8
48471,TX,Walker,13.3,14.8
48473,TX,Waller,11.1,14.8
48475,TX,Ward,14.4,14.8
48477,TX,Washington,13.2,14.8
48479,TX,Webb,16.1,14.8
48481,TX,Wharton,15.0,14.8
48483,TX,Wheeler,14.7,14.8
48485,TX,Wichita,12.1,14.8
48487,TX,Wilbarger,16.5,14.8
48489,TX,Willacy,18.8,14.8
48491,TX,Williamson,9.8,14.8
48493,TX,Wilson,13.1,14.8
48495,TX,Winkler,14.1,14.8
48497,TX,Wise,11.9,14.8
48499,TX,Wood,14.6,14.8
48501,TX,Yoakum,13.5,14.8
48503,TX,Young,13.4,14.8
48505,TX,Zapata,20.8,14.8
48507,TX,Zavala,22.6,14.8
49001,UT,Beaver,9.8,11.7
49003,UT,Box Elder,9.3,12.6
49005,UT,Cache,7.8,12.1
49007,UT,Carbon,12.8,16.2
49009,UT,Daggett,13.5,11.9
49011,UT,Davis,8.2,9.6
49013,UT,Duchesne,11.0,15.2
49015,UT,Emery,11.2,12.7
49017,UT,Garfield,11.6,11.1
49019,UT,Grand,11.2,13.0
49021,UT,Iron,9.4,13.8
49023,UT,Juab,9.0,12.7
49025,UT,Kane,11.8,10.8
49027,UT,Millard,11.8,14.2
49029,UT,Morgan,8.1,7.7
49031,UT,Piute,15.2,16.6
49033,UT,Rich,11.6,11.5
49035,UT,Salt Lake,8.5,13.9
49037,UT,San Juan,15.4,25.6
49039,UT,Sanpete,10.4,15.7
49041,UT,Sevier,10.5,12.3
49043,UT,Summit,8.7,7.6
49045,UT,Tooele,8.9,12.7
49047,UT,Uintah,10.5,15.8
49049,UT,Utah,6.9,10.6
49051,UT,Wasatch,8.4,8.6
49053,UT,Washington,10.7,11.2
49055,UT,Wayne,13.1,12.9
49057,UT,Weber,9.0,13.8
50001,VT,Addison,8.2,14.8
50003,VT,Bennington,10.0,14.8
50005,VT,Caledonia,10.1,14.8
50007,VT,Chittenden,6.6,14.8
50009,VT,Essex,12.5,14.8
50011,VT,Franklin,9.6,14.8
50013,VT,Grand Isle,9.7,14.8
50015,VT,Lamoille,8.3,14.8
50017,VT,Orange,9.7,14.8
50019,VT,Orleans,10.7,14.8
50021,VT,Rutland,10.3,14.8
50023,VT,Washington,8.9,14.8
50025,VT,Windham,9.8,14.8
50027,VT,Windsor,9.5,14.8
51001,VA,Accomack,18.2,19.0
51003,VA,Albemarle,10.2,8.2
51005,VA,Alleghany,15.1,13.1
51007,VA,Amelia,16.6,17.0
51009,VA,Amherst,15.1,14.7
51011,VA,Appomattox,14.8,14.9
51013,VA,Arlington,8.0,7.3
51015,VA,Augusta,13.2,11.5
51017,VA,Bath,18.4,16.8
51019,VA,Bedford,13.5,10.3
51021,VA,Bland,13.8,11.9
51023,VA,Botetourt,13.0,9.4
51025,VA,Brunswick,18.2,24.0
51027,VA,Buchanan,17.4,19.7
51029,VA,Buckingham,16.6,19.6
51031,VA,Campbell,14.2,13.9
51033,VA,Caroline,14.0,15.9
51035,VA,Carroll,15.9,14.6
51036,VA,Charles City,19.4,19.1
51037,VA,Charlotte,18.6,21.2
51041,VA,Chesterfield,12.4,12.0
51043,VA,Clarke,12.2,9.0
51045,VA,Craig,14.3,11.4
51047,VA,Culpeper,12.8,13.5
51049,VA,Cumberland,16.1,16.0
51051,VA,Dickenson,16.9,17.4
51053,VA,Dinwiddie,14.7,14.9
51057,VA,Essex,18.0,19.6
51059,VA,Fairfax,10.7,9.2
51061,VA,Fauquier,11.6,9.9
51063,VA,Floyd,13.5,10.9
51065,VA,Fluvanna,12.6,11.0
51067,VA,Franklin,15.1,12.6
51069,VA,Frederick,11.8,11.4
51071,VA,Giles,13.8,12.3
51073,VA,Gloucester,12.8,10.5
51075,VA,Goochland,12.2,7.9
51077,VA,Grayson,17.5,18.5
51079,VA,Greene,12.7,12.5
51081,VA,Greensville,17.1,25.4
51083,VA,Halifax,19.3,21.4
51085,VA,Hanover,11.6,9.0
51087,VA,Henrico,12.3,12.6
51089,VA,Henry,18.0,19.4
51091,VA,Highland,15.2,9.1
51093,VA,Isle of Wight,13.8,12.1
51095,VA,James City,12.5,8.5
51097,VA,King and Queen,17.0,16.7
51099,VA,King George,11.6,12.0
51101,VA,King William,12.2,11.9
51103,VA,Lancaster,18.1,13.8
51105,VA,Lee,17.3,19.5
51107,VA,Loudoun,9.5,8.5
51109,VA,Louisa,14.1,13.1
51111,VA,Lunenburg,18.9,21.5
51113,VA,Madison,13.7,11.7
51115,VA,Mathews,15.2,10.5
51117,VA,Mecklenburg,18.6,17.9
51119,VA,Middlesex,16.5,11.5
51121,VA,Montgomery,9.6,12.0
51125,VA,Nelson,15.6,11.9
51127,VA,New Kent,11.9,10.3
51131,VA,Northampton,18.5,16.7
51133,VA,Northumberland,16.8,11.3
51135,VA,Nottoway,16.7,20.9
51137,VA,Orange,12.9,12.1
51139,VA,Page,14.1,13.2
51141,VA,Patrick,16.4,14.3
51143,VA,Pittsylvania,17.5,18.0
51145,VA,Powhatan,12.1,9.5
51147,VA,Prince Edward,13.5,19.3
51149,VA,Prince George,11.5,16.6
51153,VA,Prince William,11.4,13.2
51155,VA,Pulaski,14.1,12.8
51157,VA,Rappahannock,14.7,10.6
51159,VA,Richmond,15.1,18.3
51161,VA,Roanoke,12.0,9.9
51163,VA,Rockbridge,14.0,10.6
51165,VA,Rockingham,12.3,12.0
51167,VA,Russell,15.7,16.0
51169,VA,Scott,16.4,15.4
51171,VA,Shenandoah,14.1,13.8
51173,VA,Smyth,15.4,15.7
51175,VA,Southampton,15.9,15.0
51177,VA,Spotsylvania,12.6,13.0
51179,VA,Stafford,10.7,11.7
51181,VA,Surry,17.3,15.9
51183,VA,Sussex,16.2,21.8
51185,VA,Tazewell,15.9,16.1
51187,VA,Warren,12.7,12.9
51191,VA,Washington,13.8,11.2
51193,VA,Westmoreland,18.3,18.8
51195,VA,Wise,15.1,17.5
51197,VA,Wythe,14.3,13.3
51199,VA,York,11.1,9.0
51510,VA,Alexandria,9.9,10.6
51520,VA,Bristol,14.8,15.6
51530,VA,Buena Vista,12.9,15.5
51540,VA,Charlottesville,10.4,12.8
51550,VA,Chesapeake,12.8,13.6
51570,VA,Colonial Heights,12.3,12.8
51580,VA,Covington,16.6,19.7
51590,VA,Danville,19.9,27.4
51595,VA,Emporia,20.0,28.6
51600,VA,Fairfax,11.1,10.4
51610,VA,Falls Church,8.9,5.7
51620,VA,Franklin,18.1,23.8
51630,VA,Fredericksburg,10.2,14.2
51640,VA,Galax,16.3,20.9
51650,VA,Hampton,15.0,19.5
51660,VA,Harrisonburg,10.2,19.4
51670,VA,Hopewell,17.7,28.6
51678,VA,Lexington,7.8,10.9
51680,VA,Lynchburg,11.0,16.2
51683,VA,Manassas,12.0,16.3
51685,VA,Manassas Park,13.8,21.1
51690,VA,Martinsville,18.6,26.6
51700,VA,Newport News,13.5,18.7
51710,VA,Norfolk,12.7,19.1
51720,VA,Norton,14.9,18.8
51730,VA,Petersburg,19.2,28.9
51735,VA,Poquoson,11.0,8.1
51740,VA,Portsmouth,15.8,22.6
51750,VA,Radford,9.2,18.4
51760,VA,Richmond,12.9,18.4
51770,VA,Roanoke,15.1,19.0
51775,VA,Salem,12.0,11.6
51790,VA,Staunton,12.9,12.4
51800,VA,Suffolk,13.7,15.8
51810,VA,Virginia Beach,12.3,12.2
51820,VA,Waynesboro,13.2,15.1
51830,VA,Williamsburg,9.4,12.3
51840,VA,Winchester,14.2,18.1
53001,WA,Adams,13.3,14.8
53003,WA,Asotin,12.6,14.8
53005,WA,Benton,10.4,14.8
53007,WA,Chelan,10.7,14.8
53009,WA,Clallam,12.1,14.8
53011,WA,Clark,9.6,14.8
53013,WA,Columbia,12.2,14.8
53015,WA,Cowlitz,11.4,14.8
53017,WA,Douglas,11.0,14.8
53019,WA,Ferry,15.1,14.8
53021,WA,Franklin,10.8,14.8
53023,WA,Garfield,11.5,14.8
53025,WA,Grant,11.5,14.8
53027,WA,Grays Harbor,13.6,14.8
53029,WA,Island,10.2,14.8
53031,WA,Jefferson,13.1,14.8
53033,WA,King,7.3,14.8
53035,WA,Kitsap,9.8,14.8
53037,WA,Kittitas,9.7,14.8
53039,WA,Klickitat,11.7,14.8
53041,WA,Lewis,12.1,14.8
53043,WA,Lincoln,11.7,14.8
53045,WA,Mason,12.2,14.8
53047,WA,Okanogan,13.3,14.8
53049,WA,Pacific,14.9,14.8
53051,WA,Pend Oreille,13.3,14.8
53053,WA,Pierce,10.6,14.8
53055,WA,San Juan,10.9,14.8
53057,WA,Skagit,10.8,14.8
53059,WA,Skamania,11.2,14.8
53061,WA,Snohomish,9.1,14.8
53063,WA,Spokane,10.2,14.8
53065,WA,Stevens,12.6,14.8
53067,WA,Thurston,10.3,14.8
53069,WA,Wahkiakum,14.7,14.8
53071,WA,Walla Walla,10.6,14.8
53073,WA,Whatcom,8.8,14.8
53075,WA,Whitman,7.4,14.8
53077,WA,Yakima,12.9,14.8
54001,WV,Barbour,16.9,18.4
54003,WV,Berkeley,13.5,15.3
54005,WV,Boone,17.3,17.4
54007,WV,Braxton,19.1,20.1
54009,WV,Brooke,15.5,12.7
54011,WV,Cabell,14.9,16.2
54013,WV,Calhoun,21.1,22.5
54015,WV,Clay,18.8,20.4
54017,WV,Doddridge,16.4,17.0
54019,WV,Fayette,17.9,17.6
54021,WV,Gilmer,15.5,19.8
54023,WV,Grant,16.6,14.6
54025,WV,Greenbrier,17.3,17.3
54027,WV,Hampshire,16.9,14.7
54029,WV,Hancock,16.6,14.8
54031,WV,Hardy,19.0,18.1
54033,WV,Harrison,15.6,15.0
54035,WV,Jackson,17.2,15.6
54037,WV,Jefferson,13.4,12.5
54039,WV,Kanawha,15.6,16.8
54041,WV,Lewis,16.9,17.1
54043,WV,Lincoln,18.5,20.6
54045,WV,Logan,18.2,20.2
54047,WV,McDowell,21.6,28.6
54049,WV,Marion,14.7,14.5
54051,WV,Marshall,16.4,14.8
54053,WV,Mason,17.0,17.7
54055,WV,Mercer,17.2,17.6
54057,WV,Mineral,15.2,12.9
54059,WV,Mingo,20.4,25.1
54061,WV,Monongalia,10.8,12.9
54063,WV,Monroe,17.9,16.3
54065,WV,Morgan,16.8,14.3
54067,WV,Nicholas,16.8,16.2
54069,WV,Ohio,15.0,13.2
54071,WV,Pendleton,18.2,14.9
54073,WV,Pleasants,14.9,14.8
54075,WV,Pocahontas,19.2,18.4
54077,WV,Preston,15.3,16.1
54079,WV,Putnam,14.1,11.9
54081,WV,Raleigh,17.7,19.3
54083,WV,Randolph,16.0,16.1
54085,WV,Ritchie,17.9,18.4
54087,WV,Roane,19.4,20.3
54089,WV,Summers,19.4,20.1
54091,WV,Taylor,15.9,16.1
54093,WV,Tucker,16.9,13.8
54095,WV,Tyler,17.6,15.4
54097,WV,Upshur,16.5,16.9
54099,WV,Wayne,16.9,17.0
54101,WV,Webster,19.5,19.8
54103,WV,Wetzel,16.7,16.0
54105,WV,Wirt,18.1,16.9
54107,WV,Wood,16.6,15.5
54109,WV,Wyoming,18.7,20.6
55001,WI,Adams,16.7,14.1
55003,WI,Ashland,13.9,14.4
55005,WI,Barron,13.2,12.3
55007,WI,Bayfield,13.9,9.8
55009,WI,Brown,10.5,11.8
55011,WI,Buffalo,12.8,11.2
55013,WI,Burnett,15.5,11.9
55015,WI,Calumet,10.3,9.5
55017,WI,Chippewa,11.7,11.1
55019,WI,Clark,12.5,15.4
55021,WI,Columbia,11.3,10.4
55023,WI,Crawford,13.8,12.8
55025,WI,Dane,8.2,9.3
55027,WI,Dodge,11.3,12.1
55029,WI,Door,13.0,8.4
55031,WI,Douglas,11.7,11.1
55033,WI,Dunn,9.9,11.2
55035,WI,Eau Claire,9.4,10.5
55037,WI,Florence,14.3,10.1
55039,WI,Fond du Lac,11.5,11.4
55041,WI,Forest,16.7,15.5
55043,WI,Grant,11.5,12.7
55045,WI,Green,11.3,10.0
55047,WI,Green Lake,13.7,13.3
55049,WI,Iowa,11.3,9.8
55051,WI,Iron,14.8,10.5
55053,WI,Jackson,13.4,14.4
55055,WI,Jefferson,10.7,10.6
55057,WI,Juneau,14.2,14.4
55059,WI,Kenosha,11.4,12.9
55061,WI,Kewaunee,12.1,10.5
55063,WI,La Crosse,10.1,10.2
55065,WI,Lafayette,12.5,12.9
55067,WI,Langlade,14.1,13.0
55069,WI,Lincoln,13.1,12.3
55071,WI,Manitowoc,12.2,11.5
55073,WI,Marathon,10.9,11.2
55075,WI,Marinette,13.9,12.1
55077,WI,Marquette,14.6,12.8
55078,WI,Menominee,18.2,27.2
55079,WI,Milwaukee,13.1,19.2
55081,WI,Monroe,12.8,14.1
55083,WI,Oconto,12.9,11.6
55085,WI,Oneida,13.8,9.7
55087,WI,Outagamie,10.3,10.3
55089,WI,Ozaukee,10.1,7.3
55091,WI,Pepin,12.4,10.0
55093,WI,Pierce,9.8,9.9
55095,WI,Polk,12.4,10.5
55097,WI,Portage,9.6,11.2
55099,WI,Price,14.8,12.5
55101,WI,Racine,12.5,14.2
55103,WI,Richland,13.6,13.1
55105,WI,Rock,12.3,12.7
55107,WI,Rusk,14.9,13.4
55109,WI,St. Croix,9.6,8.8
55111,WI,Sauk,12.3,11.5
55113,WI,Sawyer,15.2,13.4
55115,WI,Shawano,12.9,13.1
55117,WI,Sheboygan,11.5,11.2
55119,WI,Taylor,12.8,12.1
55121,WI,Trempealeau,12.3,12.5
55123,WI,Vernon,12.9,12.5
55125,WI,Vilas,13.8,10.5
55127,WI,Walworth,11.2,10.9
55129,WI,Washburn,14.4,11.5
55131,WI,Washington,10.5,8.7
55133,WI,Waukesha,10.5,7.6
55135,WI,Waupaca,13.1,11.9
55137,WI,Waushara,14.4,12.8
55139,WI,Winnebago,11.2,11.0
55141,WI,Wood,12.6,11.8
56001,WY,Albany,7.5,14.8
56003,WY,Big Horn,12.6,14.8
56005,WY,Campbell,9.9,14.8
56007,WY,Carbon,12.9,14.8
56009,WY,Converse,11.5,14.8
56011,WY,Crook,11.5,14.8
56013,WY,Fremont,12.4,14.8
56015,WY,Goshen,12.3,14.8
56017,WY,Hot Springs,14.5,14.8
56019,WY,Johnson,13.1,14.8
56021,WY,Laramie,10.5,14.8
56023,WY,Lincoln,11.4,14.8
56025,WY,Natrona,11.1,14.8
56027,WY,Niobrara,13.0,14.8
56029,WY,Park,11.7,14.8
56031,WY,Platte,13.5,14.8
56033,WY,Sheridan,10.9,14.8
56035,WY,Sublette,11.2,14.8
56037,WY,Sweetwater,11.1,14.8
56039,WY,Teton,8.4,14.8
56041,WY,Uinta,11.0,14.8
56043,WY,Washakie,13.7,14.8
56045,WY,Weston,12.6,14.8
